0,0,0,0,0,0,0,0,0,0,0,0,0,0,0,0,0,0,0,0,0,0,0,0,0,0.0001905869,0,0,0,9.201442e-07,2.122709e-07,4.642622e-08,9.626594e-09,1.892433e-09,3.526987e-10,6.232006e-11,1.043972e-11,1.658012e-12,2.496446e-13,3.563659e-14,4.822897e-15,6.188107e-16,0,0,0,0,0,0,0,0,0,0,0,0,0,0,0,0,0,0,0,0,0,0,0,0,0,0,0,0,0,0,0,0,0,0,0,0,0,0,0,0,0,0,0,0,0,0,0,0,0,0,0,0,0,0,0,0,0,0,5.81531e-07,0,0,0,0,0,0,0,0,0,0,0,0,0,0,0,0,0,0,0,0,0,0,0,0,0,0,0,0,0,0,0,0,0,0,0,0,0,0,0,0,0,0,0,0,0,0,0,0,0,0,0,0,0,0,0,0,0,0,0,0,0,0,0,0,0,0,0,0,0,0,0,0,0,0,0,0,0,0,0
0,0,0,0,0,0,0,0,0,0,0,0,0,0,0,0,0,0,0,0,0,0,0,0,0,0.0001855716,0,0,0,8.959306e-07,2.066852e-07,4.520444e-08,9.373264e-09,1.842633e-09,3.434183e-10,6.068011e-11,1.016503e-11,1.614381e-12,2.430766e-13,3.46988e-14,4.695964e-15,6.025267e-16,7.329179e-17,0,0,0,0,0,0,0,0,0,0,0,0,0,0,0,0,0,0,0,0,0,0,0,0,0,0,0,0,0,0,0,0,0,0,0,0,0,0,0,0,0,0,0,0,0,0,0,0,0,0,0,0,0,0,0,0,0,0,0,0,0,0,0,0,0,0,0,0,0,0,0,0,0,0,0,0,0,0,0,0,0,0,0,0,0,0,0,0,0,0,0,0,0,0,0,0,0,0,0,0,0,0,0,0,0,0,0,0,0,0,0,0,0,0,0,0,0,0,0,0,0,0,0,0,0,0,0,0,0,0,0,0,0,0,0,0,0
0,0,0,0,0,0,0,0,0,0,0,0,0,0,0,0,0,0,0,0,0,0,0,0,0,0,0,0,0,0,2.122707e-07,4.642619e-08,9.626588e-09,1.892432e-09,3.526985e-10,6.232002e-11,1.043972e-11,1.658011e-12,2.496444e-13,3.563655e-14,4.822871e-15,6.18793e-16,7.526195e-17,0,0,0,0,0,0,0,0,0,0,0,0,0,0,0,0,0,0,0,0,0,0,0,0,0,0,0,0,0,0,0,0,0,0,0,0,0,0,0,0,0,0,0,0,0,0,0,0,0,0,0,0,0,0,0,0,0,0,0,0,0,0,0,0,0,0,0,0,0,0,0,0,0,0,0,0,0,0,0,0,0,0,0,0,0,0,0,0,0,0,0,0,0,0,0,0,0,0,0,0,0,0,0,0,0,0,0,0,0,0,0,0,0,0,0,0,0,0,0,0,0,0,0,0,0,0,0,0,0,0,0,0,0,0,0,0,0
0,0,0,0,0,195.3087,0,0,0,0,0,0,0,0,0,0,0,0,0,0,0,0,0,0,0,0,5.299006e-05,0,0,0,2.066847e-07,4.520434e-08,9.373242e-09,1.842629e-09,3.434175e-10,6.067997e-11,1.0165e-11,1.614377e-12,2.430758e-13,3.46984e-14,4.69571e-15,6.023562e-16,7.318344e-17,0,0,0,0,0,0,0,0,0,0,0,0,0,0,0,0,0,0,0,0,0,0,0,0,0,0,0,0,0,0,0,0,0,0,0,0,0,0,0,0,0,0,0,0,0,0,0,0,0,0,0,0,0,0,0,0,0,0,0,0,0,0,0,0,0,0,0,0,0,0,0,0,0,0,0,0,0,0,0,0,0,0,0,0,0,0,0,0,0,0,0,0,0,0,0,0,0,0,0,0,0,0,0,0,0,0,0,0,0,0,0,39.72044,0,0,0,0,0,0,0,0,0,0,0,0,0,0,0,0,0,0,0,0,0,0,0,0,0
0,0,0,0,0,0,0,0,0,0,0,0,0,0,0,0,0,0,0,0,0,0,0,0,0,0,4.891577e-05,0,0,0,1.907931e-07,4.172859e-08,8.652543e-09,1.700946e-09,3.170124e-10,5.601448e-11,9.383423e-12,1.490253e-12,2.243806e-13,3.202762e-14,4.332575e-15,8.736323e-16,6.015273e-16,6.182076e-16,0,0,0,0,0,0,0,0,0,0,0,0,0,0,0,0,0,0,0,0,0,0,0,0,0,0,0,0,0,0,0,0,0,0,0,0,0,0,0,0,0,0,0,0,0,0,0,0,0,0,0,0,0,0,0,0,0,0,0,0,0,0,0,0,0,0,0,0,0,0,0,0,0,0,0,0,0,0,0,0,0,0,0,0,0,0,0,0,0,0,0,0,0,0,0,0,0,0,0,0,0,0,0,0,56.71273,60.61158,61.07249,58.1204,52.19486,51.92854,57.36274,59.17931,57.09642,0,77.90467,0,0,0,0,0,0,0,0,0,0,0,0,0,0,0,0,77.81639,70.04091,70.50716,0,79.91938
0,0,0,0,0,0,0,0,0,0,0,0,0,0,0,0,0,0,0,0,0,0,0,0,0,0,0,0,0,0,2.066803e-07,4.520337e-08,9.373041e-09,1.842589e-09,3.434102e-10,6.067868e-11,1.016478e-11,1.614278e-12,2.430234e-13,3.466998e-14,9.627197e-15,6.453268e-15,4.687286e-15,4.817667e-15,0,0,0,0,0,0,0,0,0,0,0,0,0,0,0,0,0,0,0,0,0,0,0,0,0,0,0,0,0,0,0,0,0,0,0,0,0,0,0,0,0,0,0,0,0,0,0,0,0,0,0,0,0,0,0,0,0,0,0,0,0,0,0,0,0.008070569,0,0,0,0,0,0,0,0,0,0,0,0,0,0,0,0,0,0,0,0,0,0,0,0,0,0,0,0,0,0,0,0,0,0,0,0,0,0,66.68369,77.90467,83.50404,83.69997,79.14279,70.50716,70.04091,77.81639,80.38563,77.35014,85.73437,100.4234,109.758,111.7274,104.3432,91.24288,98.84219,101.5134,98.84219,89.0414,88.26755,98.84219,0,98.06834,89.0414,89.0414,98.06834,102.2873,98.84219,88.26755,89.0414,98.84219,101.5134
0,0,0,0,229.1256,0,0,0,0,0,0,0,0,0,0,0,0,0,0,0,0,0,0,0,0,0,0,0,0,0,0,4.642316e-08,9.62596e-09,1.892308e-09,3.526754e-10,6.231596e-11,1.043831e-11,1.657246e-12,2.492514e-13,9.535032e-14,6.741672e-14,4.519066e-14,3.462744e-14,3.559359e-14,0,0,0,0,0,0,0,0,0,0,0,0,0,0,0,0,0,0,0,0,0,0,0,0,0,0,0,0,0,0,0,0,0,0,0,0,0,0,0,0,0,0,0,0,0,0,0,0,0,0,0,0,0,0,0,0,0,0,0,0,0,0,0,0,0,0,0,0,0,0,0,0,0,0,0,0,0,0,0,0,0,0,0,0,0,0,0,0,0,0,0,0,0,0,0,0,0,0,0,0,53.27957,53.10819,68.19785,85.26812,100.4234,108.2823,107.7883,101.0437,89.0414,88.26755,98.84219,102.2873,98.06834,102.2873,120.9607,132.6462,136.231,125.6531,108.0018,116.997,120.1589,116.997,104.5377,103.32,116.997,121.3766,115.7793,104.5377,104.5377,115.7793,121.3766,116.997,103.32,104.5377,116.997,120.1589
0,0,0,0,0,0,0,0,0,0,0,0,0,0,0,0,0,0,0,0,0,0,0,0,0,0,0,0,0,0,0,4.519624e-08,9.371563e-09,1.842299e-09,3.43356e-10,6.066183e-11,1.015512e-11,1.609016e-12,8.484968e-13,6.329933e-13,4.475506e-13,3.00004e-13,2.425205e-13,2.493095e-13,0,0,0,0,0,0,0,0,0,0,0,0,0,0,0,0,0,0,0,0,0,0,0,0,0,0,0,0,0,0,0,0,0,0,0,0,0,0,0,0,0,0,0,0,0,0,0,0,0,0,0,0,0,0,0,0,0,0,0,0,0,0,0,0,0,0,0,0,0,0,0,0,0,0,0,0,0,0,0,0,0,0,0,0,0,0,0,0,0,0,0,0,40.74568,0,55.26517,58.1204,57.46944,53.27957,60.8789,68.56521,71.93535,71.2051,79.99406,101.5134,120.9607,131.8514,130.0326,120.4612,104.5377,103.32,116.997,121.3766,115.7793,112.7327,135.2384,149.037,155.533,141.0078,118.2461,128.0945,131.5563,128.0945,113.0782,111.2616,128.0945,133.3729,126.2779,113.0782,113.0782,126.2779,133.3729,128.0945,111.2616,113.0782,128.0945,131.5563
0,0,0,0,0,0,0,0,0,0,0,0,0,0,0,0,0,0,0,0,0,0,0,0,0,0,0,0,0,0,0,4.518357e-08,9.368936e-09,1.841782e-09,3.431941e-10,6.056492e-11,1.124341e-11,7.151471e-12,5.341633e-12,3.983665e-12,2.816604e-12,1.888027e-12,1.610272e-12,1.655536e-12,0,0,0,0,0,0,0,0,0,0,0,0,0,0,0,0,0,0,0,0,0,0,0,0,0,0,0,0,0,0,0,0,0,0,0,0,0,0,0,0,0,0,0,0,0,0,0,0,0,0,0,0,0,0,0,0,0,0,0,0,0,0,0,0,0,0,0,0,0,0,0,0,0,0,0,0,5.025097,0,0,0,0,0,0,0,0,0,0,42.24312,50.72669,0,0,0,59.25592,67.70766,76.19481,79.96991,78.44368,71.93535,76.55384,87.47279,91.07521,89.32841,85.86426,111.515,135.2384,150.2546,146.2862,133.2623,113.0782,111.2616,128.0945,133.3729,126.2779,113.0782,138.7939,154.1354,161.9832,146.3647,118.2519,128.1008,131.5628,128.1008,110.9427,108.3735,128.1008,134.132,125.5315,110.9427,110.9427,125.5315,134.132,128.1008,108.3735,110.9427,128.1008,131.5628
0,0,0,0,0,0,0,0,0,0,0,0,0,0,0,0,0,0,0,0,0,0,0,0,0,0,0,0,0,0,0,4.637588e-08,9.616155e-09,1.88996e-09,3.513592e-10,9.475816e-11,6.359004e-11,4.045084e-11,3.186792e-11,2.376635e-11,1.680372e-11,1.126391e-11,1.013624e-11,1.042238e-11,1.015512e-11,9.378139e-12,0,0,0,0,0,0,0,0,0,0,0,0,0,0,0,0,0,0,0,0,0,0,0,0,0,0,0,0,0,0,0,0,0,0,0,0,0,0,0,0,0,0,0,0,0,0,0,0,0,0,0,0,0,0,0,0,0,0,0,0,0,0,0,0,0,0,0,0,0,0,0,0,0,0,8.726059,0,0,0,0,0,28.36603,34.18748,38.77895,41.47983,45.81745,58.53006,70.19885,79.79785,85.97156,86.07328,81.13074,87.06077,98.48146,103.718,100.7187,91.07521,89.32841,104.5377,107.7501,104.3843,94.83683,111.2616,138.7939,155.9519,152.3959,135.41,110.9427,108.3735,128.1008,134.132,125.5315,110.9427,128.1008,144.1186,153.2214,138.7699,105.4938,114.2801,117.3685,114.2801,95.69296,92.24786,114.2801,120.8136,110.835,95.69296,95.69296,110.835,120.8136,114.2801,92.24786,95.69296,114.2801,117.3685
0,0,0,0,0,0,0,0,0,0,0,0,0,0,0,0,0,0,0,0,0,0,0,0,0,0,0,0,0,0,2.06159e-07,4.508938e-08,9.348759e-09,1.828635e-09,7.170209e-10,5.079911e-10,3.40945e-10,2.28861e-10,1.802303e-10,1.344119e-10,9.50347e-11,6.370351e-11,6.048892e-11,6.220486e-11,0,0,0,0,0,0,0,0,0,0,0,0,0,0,0,0,0,0,0,0,0,0,0,0,0,0,0,0,0,0,0,0,0,0,0,0,0,0,0,0,0,0,0,0,0,0,0,0,0,0,0,0,0,0,0,0,0,0,0,0,0,0,0,0,0,0,0,0,0,0,0,0,0,0,0,0,14.33672,18.11654,0,0,26.42051,32.62919,41.47983,49.99255,56.85316,60.61158,61.07249,76.35302,91.42202,103.7378,111.5506,111.7274,104.3432,104.4888,119.3921,125.6531,121.3766,107.7501,95.74036,113.0782,118.5072,112.8309,100.2433,108.3735,128.1008,146.6879,145.3035,124.0809,95.69296,92.24786,114.2801,120.8136,110.835,95.69296,114.2801,117.3685,127.5238,117.3685,92.16153,86.23578,88.56633,86.23578,79.70221,75.32263,86.23578,92.94591,81.8562,79.70221,79.70221,81.8562,92.94591,86.23578,75.32263,79.70221,86.23578,88.56633
0,0,0,0,0,0,0,0,0,61.4173,0,0,0,0,0,0,0,0,0,0,0,0,0,0,0,0,0,0,0,0,1.896546e-07,4.147958e-08,8.521125e-09,4.867359e-09,3.645282e-09,2.581614e-09,1.732933e-09,1.22757e-09,9.6625e-10,7.206044e-10,5.094951e-10,3.415239e-10,3.422145e-10,0,0,0,0,0,0,0,0,0,0,0,0,0,0,0,0,0,0,0,0,0,0,0,0,0,0,0,0,0,0,0,0,0,0,0,0,0,0,0,0,0,0,0,0,0,0,0,0,0,0,0,0,0,0,0,0,0,0,0,0,0,0,0,0,0,0,0,0,0,0,0,0,0,0,10.86116,13.04371,0,22.27447,28.10407,33.58706,38.01567,40.74568,44.93264,57.12059,68.84319,78.66232,83.50404,83.69997,92.70248,111.7274,126.4617,135.6215,136.231,125.6531,116.1968,135.2384,141.0078,136.8638,118.5072,92.53628,110.9427,120.1828,111.525,95.69296,92.24786,114.2801,120.8136,124.0787,98.6951,79.70221,75.32263,86.23578,92.94591,81.8562,79.70221,86.23578,88.56633,92.94591,92.94591,67.9944,59.68829,54.40988,59.68829,52.97816,47.69975,59.68829,59.68829,54.40988,52.97816,52.97816,54.40988,59.68829,59.68829,47.69975,52.97816,59.68829,54.40988
0,0,0,0,0,0,158.1789,0,0,0,0,0,0,0,0,0,0,0,0,0,0,0,0,0,0,0,0,0,0,0,2.043428e-07,4.409427e-08,2.963257e-08,2.345391e-08,1.7558e-08,1.243703e-08,8.349839e-09,6.242417e-09,4.910472e-09,3.662095e-09,2.589249e-09,1.735622e-09,1.835446e-09,0,0,0,0,0,0,0,0,0,0,0,0,0,0,0,0,0,0,0,0,0,0,0,0,0,0,0,0,0,0,0,0,0,0,0,0,0,0,0,0,0,0,0,0,0,0,0,0,0,0,0,0,0,0,0,0,0,0,0,0,0,0,0,0,0,0,2.559432,0,0,0,0,8.393637,0,14.02107,17.74924,21.29645,24.21902,32.62919,41.18189,49.10773,55.4437,59.25592,59.93696,73.88551,89.04871,101.7498,108.2823,107.7883,104.4888,127.5871,143.8944,153.7188,155.533,141.0078,118.2461,138.7939,146.3647,141.4413,120.1828,88.33568,95.69296,110.835,98.6951,79.70221,75.32263,86.23578,92.94591,88.56633,74.70453,52.97816,47.69975,59.68829,59.68829,54.40988,52.97816,59.68829,54.40988,59.68829,59.68829,48.98888,31.8308,25.79956,31.8308,31.8308,25.79956,31.8308,31.8308,25.79956,31.8308,31.8308,25.79956,31.8308,31.8308,25.79956,31.8308,31.8308,25.79956
0,0,0,0,0,0,159.6495,0,0,0,0,0,0,0,0,0,0,0,0,0,0,0,0,0,0,0,0,0,0,9.003671e-07,3.082467e-07,1.616241e-07,1.353193e-07,1.07141e-07,8.016677e-08,5.679722e-08,3.813867e-08,3.007126e-08,2.36549e-08,1.764119e-08,1.247304e-08,8.588613e-09,9.332591e-09,9.602088e-09,0,0,0,0,0,0,0,0,0,0,0,0,0,0,0,0,0,0,0,0,0,0,0,0,0,0,0,0,0,0,0,0,0,0,0,0,0,0,0,0,0,0,0,0,0,0,0,0,0,0,0,0,0,0,0,0,0,0,0,0,0,0,0,0,3.986883,4.513793,0,8.393637,0,12.86024,14.48089,15.88166,21.54471,27.38868,32.82377,37.28152,44.93264,56.94207,67.70766,76.19481,81.13074,81.71203,89.43413,107.7883,123.1622,131.8514,130.0326,120.4612,135.2384,151.7072,161.1198,161.9832,146.3647,118.2519,128.1008,138.7699,130.6144,110.835,73.57443,79.70221,81.8562,74.70453,52.97816,47.69975,59.68829,59.68829,54.40988,48.98888,31.8308,25.79956,31.8308,31.8308,25.79956,31.8308,25.12067,25.79956,31.8308,31.8308,19.08943,13.2437,6.710129,13.2437,6.533569,0,13.2437,13.2437,6.710129,6.533569,6.533569,6.710129,13.2437,13.2437,0,13.2437,13.2437,6.710129
225.5921,226.366,0,0,0,0,0,0,0,0,0,0,0,0,0,0,0,0,0,0,0,0,0,0,0,0,0,0,0,2.096069e-06,1.131212e-06,6.993301e-07,5.858121e-07,4.639923e-07,3.46962e-07,2.458762e-07,1.651356e-07,1.3731e-07,1.08012e-07,8.055235e-08,5.695378e-08,4.138554e-08,4.498621e-08,0,0,0,0,0,0,0,0,0,0,0,0,0,0,0,0,0,0,0,0,0,0,0,0,0,0,0,0,0,0,0,0,0,0,0,0,0,0,0,0,0,0,0,0,0,0,0,0,0,0,0,0,0,0.68596,0.8708239,0,0,0,0,0,0,0,0,0,0,7.258108,8.202886,10.18262,13.65378,17.35736,20.91953,23.6186,25.05679,31.13176,39.86087,47.69827,54.08804,58.1204,73.88551,87.88789,98.48146,104.3432,104.4888,100.7187,121.3887,138.7025,150.2546,146.2862,133.2623,138.7939,146.3647,153.9971,153.2214,138.7699,105.4938,114.2801,117.3685,105.4052,86.23578,61.46083,52.97816,54.40988,48.98888,31.8308,19.08943,25.12067,31.8308,25.79956,31.8308,6.533569,0,13.2437,13.2437,6.710129,6.533569,0,0,13.2437,6.533569,-6.533569,0,0,0,-6.533569,-13.2437,0,6.710129,-6.710129,-6.533569,-6.533569,-6.710129,6.710129,0,-6.710129,6.710129,6.710129,0
208.7253,209.9429,206.6969,205.3553,0,0,0,0,0,0,0,0,0,0,0,0,0,0,0,0,0,0,0,0,0,0,0,0,1.280654e-05,7.301561e-06,3.92942e-06,2.86848e-06,2.404141e-06,1.902944e-06,1.423408e-06,1.008969e-06,7.153853e-07,5.942783e-07,4.674748e-07,3.486301e-07,2.464959e-07,1.890478e-07,2.05575e-07,0,0,0,0,0,0,0,0,0,0,0,0,0,0,0,0,0,0,0,0,0,0,0,0,0,0,0,0,0,0,0,0,0,0,0,0,0,0,0,0,0,0,0,0,0,0,0,0,0,0,0,0,0,0,1.777734,2.138683,0,0,0,0,0,0,0,0,0,12.49295,14.08901,15.50473,20.94429,26.62539,32.08962,36.39671,38.4514,42.16752,54.62941,65.24015,73.8215,79.14279,89.43413,107.1631,119.3921,125.6531,124.8407,116.997,125.9915,143.9617,155.9519,152.3959,135.41,128.1008,138.7699,130.6144,127.5238,117.3685,92.16153,86.23578,88.56633,74.70453,59.68829,42.27875,31.8308,25.79956,31.8308,13.2437,6.710129,6.533569,6.533569,6.710129,6.533569,-6.533569,-13.2437,0,6.710129,-6.710129,-6.533569,-25.12067,-13.2437,0,-6.533569,-31.8308,-13.2437,-6.710129,-13.2437,-31.8308,-31.8308,-13.2437,-6.710129,-13.2437,-31.8308,-31.8308,-13.2437,-6.710129,-13.2437,-6.710129,0,0,0
185.9662,187.7827,192.9506,193.9859,0,0,0,0,0,0,0,0,0,0,0,0,0,0,0,0,0,0,0,0,0,0,0,0,4.226796e-05,2.409061e-05,1.404705e-05,1.115349e-05,9.353386e-06,7.397331e-06,5.535138e-06,3.924666e-06,2.936074e-06,2.437775e-06,1.917628e-06,1.430112e-06,1.01115e-06,8.186234e-07,0,0,0,0,0,0,0,0,0,0,0,0,0,0,0,0,0,0,0,0,0,0,0,0,0,0,0,0,0,0,0,0,0,0,0,0,0,0,0,0,0,0,0,0,0,0,0,0,0,0,0,0,0,0,0,0,4.130912,4.677781,0,0,0,0,0,0,13.26189,16.98044,20.31911,22.85531,24.32265,30.24695,38.4514,46.34261,52.95251,55.65288,55.09614,69.52425,83.79242,94.54237,101.0437,100.7187,121.3887,135.2384,141.0078,138.5407,128.0945,129.2066,135.41,146.6879,145.3035,124.0809,114.2801,117.3685,105.4052,92.94591,88.56633,67.9944,59.68829,54.40988,48.98888,31.8308,25.79956,6.533569,6.710129,13.2437,6.710129,-6.710129,-6.533569,-6.533569,-6.710129,-6.533569,-31.8308,-31.8308,-13.2437,-6.710129,-13.2437,-31.8308,-48.98888,-31.8308,-25.79956,-31.8308,-48.98888,-31.8308,-25.79956,-31.8308,-48.98888,-48.98888,-31.8308,-25.79956,-31.8308,-48.98888,-48.98888,-31.8308,-25.79956,-25.79956,-6.710129,0,0,0
157.3623,159.9316,160.5307,164.9518,159.4429,0,0,0,0,0,0,0,0,0,0,0,0,0,0,0,0,0,0,0,0,0,0,0,0.0001321181,7.506344e-05,4.892227e-05,4.111101e-05,3.449664e-05,2.725512e-05,2.040182e-05,1.447052e-05,1.142261e-05,9.477589e-06,7.455325e-06,5.559977e-06,3.931134e-06,3.360341e-06,0,0,0,0,0,0,0,0,0,0,0,0,0,0,0,0,0,0,0,0,0,0,0,0,0,0,0,0,0,0,0,0,0,0,0,0,0,0,0,0,0,0,0,0,0,0,0,0,0,0,0,0,0,0,0,0,0,0,0,0,0,0,13.71209,14.90431,20.181,25.89125,31.20481,34.98724,37.09575,41.03199,52.16189,62.86684,71.83356,75.87444,74.50459,82.19555,100.7187,113.1937,120.4612,121.3766,125.9915,142.2849,146.3647,141.4413,128.1008,120.1828,124.0809,120.8136,124.0787,98.6951,86.23578,88.56633,74.70453,59.68829,54.40988,48.98888,25.12067,25.79956,31.8308,13.2437,0,-6.533569,-6.710129,6.710129,-6.710129,-13.2437,-31.8308,-31.8308,-25.79956,-31.8308,-48.98888,-48.98888,-31.8308,-25.79956,-31.8308,-48.98888,-74.70453,-59.68829,-54.40988,-59.68829,-74.70453,-59.68829,-54.40988,-59.68829,-74.70453,-74.70453,-59.68829,-54.40988,-59.68829,-74.70453,-74.70453,-59.68829,-54.40988,-25.79956,-6.710129,0,0,0
124.0787,127.5238,130.6144,138.7699,137.7193,128.0945,0,0,0,0,0,0,0,0,0,0,0,0,0,0,0,0,0,0,0,0,0,0.0006508849,0.0003910181,0.0002275502,0.0001614283,0.0001436448,0.0001204036,9.517679e-05,7.127533e-05,5.057219e-05,4.208632e-05,3.49198e-05,2.746892e-05,2.04856e-05,1.448416e-05,1.307566e-05,0,0,0,0,0,0,0,0,0,0,0,0,0,0,0,0,0,0,0,0,0,0,0,0,0,0,0,0,0,0,0,0,0,0,0,0,0,0,0,0,0,0,0,0,0,0,0,0,0,0,3.482087,0,0,0,0,0,0,14.84819,15.76825,15.6197,16.38001,19.55582,22.12116,23.43784,28.83747,37.09575,45.20708,50.48499,53.27957,53.10819,66.25591,79.85333,91.24288,97.27359,94.52031,89.32841,112.7327,125.9915,133.2623,133.3729,129.2066,135.41,138.7699,130.6144,114.2801,110.835,98.6951,92.94591,88.56633,74.70453,52.97816,47.69975,48.98888,31.8308,25.79956,25.12067,0,0,13.2437,0,-13.2437,-31.8308,-13.2437,-6.710129,-13.2437,-31.8308,-48.98888,-59.68829,-54.40988,-59.68829,-74.70453,-74.70453,-59.68829,-54.40988,-59.68829,-74.70453,-97.21027,-92.94591,-88.56633,-92.94591,-105.4052,-92.94591,-88.56633,-92.94591,-105.4052,-105.4052,-92.94591,-88.56633,-92.94591,-105.4052,-105.4052,-88.56633,-54.40988,-25.79956,0,0,0,0
88.56633,92.94591,105.4052,117.3685,120.5723,115.1402,99.21641,80.79248,0,0,0,0,0,0,0,0,0,0,0,0,0,0,0,0,0,0,0.002880354,0.001824518,0.001095482,0.0007110342,0.0005341644,0.0004757753,0.0003982643,0.0003149994,0.0002360072,0.0001673156,0.0001469465,0.0001219242,9.590896e-05,7.152656e-05,5.057219e-05,4.822998e-05,0,0,0,0,0,0,0,0,0,0,0,0,0,0,0,0,0,0,0,0,0,0,0,0,0,0,0,0,0,0,0,0,0,0,0,0,0,0,0,0,0,0,0,0,0,0,0,0,0,0,0,7.636817,8.586217,0,14.02107,17.74924,21.29645,24.21902,25.82008,25.5327,25.00644,29.79534,33.63159,35.96022,38.56447,49.78858,60.8789,68.56521,71.93535,71.2051,78.42546,94.52031,108.0018,116.997,112.1297,100.0047,113.0782,129.2066,135.41,134.132,120.1828,124.0809,117.3685,105.4052,86.23578,81.8562,74.70453,59.68829,54.40988,48.98888,31.8308,19.08943,25.12067,13.2437,0,0,-25.12067,-13.2437,0,-13.2437,-31.8308,-48.98888,-31.8308,-25.79956,-31.8308,-48.98888,-74.70453,-92.94591,-88.56633,-92.94591,-98.6951,-105.4052,-86.23578,-81.8562,-92.94591,-98.6951,-117.3685,-127.5238,-124.0787,-127.5238,-137.3246,-127.5238,-124.0787,-127.5238,-137.3246,-137.3246,-127.5238,-124.0787,0,0,0,0,0,0,0,0,0,0
54.40988,59.68829,67.9944,83.96657,92.24786,86.68359,76.6042,60.25898,0,0,0,0,0,0,0,0,0,0,0,0,0,0,0,0,0,0,0.007646187,0.004840432,0.002891845,0.002104543,0.001675419,0.001493801,0.001248389,0.0009880206,0.0007406507,0.0005540168,0.0004861652,0.0004033814,0.0003173111,0.0002366422,0.0001673156,0,0,0,0,0,0,0,0,0,0,0,0,0,0,0,0,0,0,0,0,0,0,0,0,0,0,0,0,0,0,0,0,0,0,0,0,0,0,0,0,0.6900026,0,0,0,0,0,0,0,4.745849,6.542185,0,0,13.30561,14.93102,16.2345,21.65967,27.38868,32.82377,37.28152,39.86087,39.49055,35.96022,42.73956,48.11169,51.29163,49.83984,62.31681,76.55384,87.47279,91.07521,89.32841,85.86426,103.4858,118.2461,128.0945,123.7856,107.5525,110.9427,120.1828,124.0809,120.8136,110.835,98.6951,92.94591,74.70453,59.68829,47.69975,42.27875,31.8308,25.79956,31.8308,6.533569,-6.533569,0,0,-13.2437,-25.12067,-48.98888,-31.8308,-25.79956,-31.8308,-48.98888,-74.70453,-59.68829,-54.40988,-52.97816,-74.70453,-90.50014,-117.3685,-124.0787,-120.8136,-124.0809,-130.6144,-114.2801,-110.835,-120.8136,-137.3246,-145.3035,-159.9316,-157.3623,-159.9316,-167.2408,-159.9316,-157.3623,-153.2214,-167.2408,-160.5307,-153.2214,0,0,0,0,0,0,0,0,0,0,0
25.79956,25.12067,35.74518,42.87373,48.22139,49.37413,40.96666,32.22556,24.03292,16.99229,11.39027,0,0,0,0,0,0,0,0,0,0,0,0,0,0,0.02877678,0.01920615,0.0121496,0.007871175,0.00589966,0.004981018,0.004433289,0.003708114,0.00293683,0.002202873,0.001738652,0.001523965,0.001264465,0.000994665,0.0007417922,0.0005540168,0,0,0,0,0,0,0,0,0,0,0,0,0,0,0,0,0,0,0,0,0,0,0,0,0,0,0,0,0,0,0,0,0,0,0,0,0,0,0,0,0,0,0,0,0,0,0,7.636817,8.684319,10.73562,14.39529,18.3,21.96589,24.59594,25.89413,31.56796,39.86087,47.69827,54.08804,58.1204,57.46944,52.11874,57.61055,64.62611,68.63586,67.43501,72.22708,89.32841,104.5377,107.7501,104.3843,94.83683,103.4909,118.2519,128.1008,126.214,105.4938,95.69296,110.835,98.6951,92.94591,81.8562,74.70453,59.68829,48.98888,31.8308,25.79956,25.12067,6.533569,6.710129,6.533569,-6.533569,-31.8308,-25.12067,-25.79956,-31.8308,-48.98888,-74.70453,-59.68829,-54.40988,-59.68829,-74.70453,-97.21027,-92.94591,-81.8562,-79.70221,-98.6951,-110.835,-133.1282,-150.6522,-146.6879,-141.4413,-141.4413,-146.6879,-150.6522,-159.9316,-167.2408,-178.1955,-187.7827,-185.9662,-187.7827,-192.9506,-187.7827,-179.256,-174.539,0,-179.7069,-174.539,0,0,0,0,0,0,0,0,0,0,0
6.710129,13.2437,25.12067,35.74518,42.87373,37.52197,31.13275,24.48984,18.26389,12.91331,8.656059,5.500977,0,0,0,0,0,0,0,0,0,0,0,0,0,0.06842606,0.04563092,0.02884028,0.02088245,0.01566171,0.01403636,0.01246559,0.01043651,0.008272361,0.006196588,0.005171158,0.004525652,0.003755026,0.002953808,0.002202873,0,0,0,0,0,0,0,0,0,0,0,0,0,0,0,0,0,0,0,0,0,0,0,0,0,0,0,0,0,0,0,0,0,0,0,0,0,0,0,0,0,0,3.462555,0,0,0,8.684319,11.03994,13.23446,15.03165,16.64083,22.31352,28.36603,34.18748,38.37759,40.26038,43.34465,54.62941,65.24015,73.8215,79.14279,78.44368,71.31017,72.78375,81.27441,85.88332,85.86426,76.61739,95.74036,113.0782,118.5072,112.8309,100.2433,103.0247,105.4938,114.2801,117.3685,92.16153,79.70221,81.8562,74.70453,59.68829,54.40988,42.27875,31.8308,25.79956,13.2437,0,0,-6.533569,-6.710129,-6.533569,-31.8308,-48.98888,-59.68829,-54.40988,-59.68829,-74.70453,-97.21027,-92.94591,-88.56633,-86.23578,-105.4052,-117.3685,-120.8136,-110.835,-95.69296,-111.525,-120.1828,-143.7505,-160.1666,-174.539,-186.2405,-179.7069,-181.0726,-185.9662,-187.7827,-192.9506,-200.696,-209.9429,-208.7253,-209.9429,-206.6969,-203.2328,0,0,-187.6075,-181.5763,-178.1121,-182.9257,0,0,0,0,0,0,0,0,0,0
0,6.710129,13.2437,25.12067,23.18932,20.29465,16.8389,13.2459,9.878471,6.984447,4.681828,2.975332,1.792647,1.023974,0,0,0,0,0,0,0,0,0,0,0,0.1538471,0.1024925,0.06623112,0.05245202,0.03936671,0.03749087,0.03320591,0.02783081,0.02207967,0.0165082,0.01454623,0.01273047,0.01056272,0.00830893,0,0,0,0,0,0,0,0,0,0,0,0,0,0,0,0,0,0,0,0,0,0,0,0,0,0,0,0,0,0,0,0,0,0,0,0,0,0,0,0,0,0,0,6.357125,7.59053,0,10.55684,14.20453,18.11654,21.68834,24.59594,26.42051,32.62919,41.47983,49.99255,56.71273,59.25592,57.77375,70.35137,83.79242,94.54237,101.0437,100.7187,91.07521,85.86426,95.29082,100.0047,99.21641,85.24956,92.53628,110.9427,120.1828,111.525,95.69296,92.24786,92.16153,86.23578,88.56633,67.9944,52.97816,54.40988,48.98888,31.8308,25.79956,31.8308,6.533569,6.710129,0,-13.2437,-25.12067,-31.8308,-25.79956,-31.8308,-48.98888,-74.70453,-92.94591,-88.56633,-92.94591,-105.4052,-117.3685,-127.5238,-117.3685,-114.2801,-130.6144,-138.7699,-134.132,-125.5315,-110.9427,-135.41,-164.9518,-184.5636,-191.6274,-203.2328,-213.4071,-206.6969,-209.9429,-208.7253,-209.9429,-213.4071,-218.599,-218.0872,-225.5921,0,0,0,0,0,-174.1575,-168.8791,-166.6777,-170.3875,-150.2546,0,0,0,0,0,0,0,0,0
0,0,0,0,0,0,0,0,0,0,0,0,0,0,0,0,0,0,0,0,0,0,0,0,0,0.3268893,0.2175076,0.1573335,0.1247092,0.09947422,0.09446472,0.08379032,0.0703124,0.05583924,0.0416434,0.03875228,0.03391498,0.02813995,0.02213569,0,0,0.01475354,0.01613155,0,0,0,0,0,0,0,0,0,0,0,0,0,0,0,0,0,0,0,0,0,0,0,0,0,0,0,0,0,0,0,0,0,0,0,0,0,0,8.684319,11.03994,13.17589,14.84819,16.27354,21.92163,27.98911,33.58706,38.01567,40.74568,44.93264,57.12059,68.84319,78.66232,82.54088,79.91938,84.86986,100.7187,113.1937,120.4612,121.3766,107.7501,94.06346,103.4909,107.5525,105.5217,92.3253,88.33568,95.69296,110.835,98.6951,79.70221,75.32263,67.9944,59.68829,54.40988,48.98888,25.12067,19.08943,31.8308,13.2437,6.710129,6.533569,-6.533569,-6.710129,-13.2437,-31.8308,-48.98888,-59.68829,-54.40988,-59.68829,-74.70453,-97.21027,-124.0787,-117.3685,-127.5238,-130.6144,-138.7699,-153.2214,-144.1186,-128.1008,-141.4413,-146.3647,-138.7939,-154.1354,-161.9832,-179.7069,-193.9859,-209.9429,-212.8467,-226.366,-228.5674,-228.5674,-226.366,-225.5921,-226.366,-228.5674,-225.1568,0,0,0,0,0,0,0,0,-146.1285,-144.8021,-142.6754,-126.6109,0,0,0,0,0,0,0,0,0
0,0,-6.710129,-6.533569,-6.031235,-5.278412,-4.379578,-3.445099,-2.569237,-1.816566,-1.217667,-0.7738457,-0.4662476,-0.2663221,-0.1442194,2.11237,2.941697,0,0,0,0,0,0,0,0.9354697,0.6559161,0.4357858,0.3536568,0.2806024,0.2382094,0.225402,0.2002627,0.1682806,0.1333462,0.1052465,0.09775607,0.08555362,0.07098551,0.05583924,0.0416434,0,0.0394639,0,0,0,0,0,0,0,0,0,0,0,0,0,0,0,0,0,0,0,0,0,0,0,0,0,0,0,0,0,0,0,0,0,0,0,0,0,7.436887,10.55684,14.20453,18.11654,21.64929,24.33398,25.82008,31.8659,40.74568,49.10773,55.4437,59.25592,59.93696,73.88551,89.04871,101.7498,108.2823,104.4888,95.47818,112.7327,125.9915,133.2623,133.3729,118.5072,92.53628,103.0247,105.4938,101.7242,92.24786,73.57443,79.70221,81.8562,74.70453,52.97816,47.69975,48.98888,31.8308,25.79956,31.8308,13.2437,0,6.533569,6.710129,-6.710129,-6.533569,-31.8308,-25.79956,-31.8308,-48.98888,-74.70453,-92.94591,-88.56633,-92.94591,-98.6951,-124.0787,-139.6618,-144.1186,-153.2214,-153.9971,-146.3647,-161.9832,-154.1354,-138.7939,-138.5407,-151.7072,-178.1121,-195.4816,-203.2328,-206.6969,-218.599,-224.7973,-231.2417,-237.2817,-239.0744,-239.0744,-237.748,-237.2817,-237.748,-232.3642,-227.8186,0,0,0,0,0,0,0,0,-118.3794,-116.2162,-113.2031,-101.0437,-90.09145,0,0,0,0,0,0,0,0
0,0,6.710129,6.533569,6.031235,5.278412,4.379578,3.445099,2.569237,1.816566,1.217667,0.7738457,0.4662476,0.2663221,4.517874,6.356944,5.747791,4.76906,0,0,0,0,0,0,0,1.241767,0.896958,0.7520021,0.5973458,0.540584,0.5092402,0.4532942,0.381495,0.3013634,0.2519912,0.2334453,0.2043053,0.1695161,0,0,0,0,0,0,0,0,0,0,0,0,0,0,0,0,0,0,0,0,0,0,0,0,0,0,0,0,0,0,0,0,0,0,0,0,0,0,0,9.417611,10.6704,12.86024,16.27354,21.92163,27.98911,33.58706,37.71773,39.86087,43.52317,55.76493,67.70766,76.19481,81.13074,81.71203,89.43413,107.7883,123.1622,131.8514,129.0489,111.9252,116.5692,129.2066,135.41,134.132,120.1828,88.33568,92.24786,92.16153,86.23578,75.32263,61.46083,52.97816,54.40988,48.98888,31.8308,19.08943,25.12067,13.2437,6.710129,13.2437,0,-13.2437,-6.533569,-6.710129,-13.2437,-31.8308,-48.98888,-54.40988,-59.68829,-74.70453,-97.21027,-117.3685,-124.0787,-120.8136,-124.0809,-145.3035,-156.3064,-154.1354,-161.9832,-161.1198,-151.7072,-155.533,-149.037,-135.2384,-164.4182,-186.7682,-211.5536,-218.882,-226.366,-228.5674,-231.8669,-235.806,-239.9015,-243.7399,-245.9031,-245.9031,-238.4353,-244.8792,-238.4353,-232.6594,0,0,0,0,0,0,0,0,0,0,-87.10709,-85.11012,-76.37952,-68.63586,0,0,0,0,0,0,0,0
0,0,0,0,0,0,0,0,0,0,0,0,1.94195,7.863763,10.46783,10.99929,9.626287,7.987127,7.306871,0,0,6.516597,0,4.302233,3.171968,2.215473,1.801,1.512103,1.202721,1.153173,1.089147,0.9715648,0.8191172,0.6443399,0.5715297,0.5275885,0.4617316,0.3831077,0,0,0,0,0,0,0,0,0,0,0,0,0,0,0,0,0,0,0,0,0,0,0,0,0,0,0,0,0,0,0,0,0,0,0,0,0,15.03165,16.17459,16.27354,17.35736,20.91953,23.6186,31.8659,40.74568,49.10773,55.26517,58.1204,57.46944,71.5122,87.06077,98.48146,104.3432,104.4888,100.7187,121.3887,138.7025,150.2546,146.2862,128.0945,120.5612,120.1828,124.0809,120.8136,110.835,73.57443,79.70221,67.9944,59.68829,47.69975,42.27875,31.8308,25.79956,31.8308,13.2437,6.710129,6.533569,0,0,0,-13.2437,-31.8308,-31.8308,-25.79956,-31.8308,-48.98888,-74.70453,-88.56633,-92.94591,-105.4052,-117.3685,-133.1282,-150.6522,-146.6879,-135.41,-152.3959,-159.4429,-155.8823,-155.533,-153.7188,-143.8944,-136.231,-150.8876,-177.3771,-196.7366,-218.6232,-229.0959,-237.2817,-237.748,-239.0744,-241.0623,-243.4356,-245.9031,-241.5057,-250.0737,-243.3635,-236.4197,-242.809,-236.4197,0,0,0,0,0,0,0,0,0,0,0,0,-60.63636,-54.68971,-69.07028,-91.24288,0,0,0,0,0,0,0
0,0,-6.710129,-6.533569,-6.031235,-5.278412,-4.379578,-3.445099,-2.569237,-1.816566,-1.217667,6.99313,11.00867,14.30938,17.37398,17.3357,15.17174,12.5883,12.52207,12.94063,0,0,9.350839,0,0,3.848891,3.417422,2.874028,2.28952,2.327376,2.204747,1.971528,1.656133,1.302761,1.22198,1.128029,0.9872206,0,0,0,0,0,0,0,0,0,0,0,0,0,0,0,0,0,0,0,0,0,0,0,0,0,0,0,0,0,0,0,6.357125,7.59053,8.572416,10.55684,14.20453,18.11654,21.68834,24.59594,26.42051,26.59393,26.62539,32.08962,36.39671,43.52317,55.76493,67.70766,76.19481,79.96991,78.44368,85.49504,104.4888,119.3921,125.6531,124.8407,116.997,125.9915,143.9617,155.9519,152.3959,135.41,114.5411,110.835,98.6951,92.94591,81.8562,61.46083,52.97816,48.98888,31.8308,25.79956,25.12067,6.533569,6.710129,13.2437,6.710129,-6.710129,-6.533569,-13.2437,-6.710129,-13.2437,-31.8308,-48.98888,-59.68829,-54.40988,-59.68829,-74.70453,-90.50014,-124.0787,-120.8136,-130.6144,-138.7699,-137.7193,-160.1666,-155.9519,-143.9617,-146.2862,-150.2546,-144.8523,-137.7996,-135.6215,-134.6567,-161.1015,-188.2928,-205.9172,-225.8307,-234.3522,-243.4356,-244.8792,-245.1455,-245.9031,-247.0387,-248.3943,-243.0937,-237.8811,-245.5499,-239.227,-220.4293,0,0,0,0,0,0,0,0,0,0,0,0,0,0,-40.93811,-45.90649,-64.27699,-84.29749,0,0,0,0,0,0,0
0,0,6.710129,6.533569,6.031235,5.278412,4.379578,3.445099,2.569237,1.816566,16.99229,17.90292,14.85443,22.5165,27.3388,25.66729,22.46334,18.63827,20.31103,20.67271,19.82688,0,14.88258,0,0,6.88332,6.124714,5.160944,4.403415,4.442663,4.22311,3.786953,3.164711,2.489449,2.470662,2.280708,1.996014,0,0,0,0,0,0,0,0,0,0,0,0,0,0,0,0,0,0,0,0,0,2.696005,2.484162,2.470377,2.665059,2.708086,3.435279,4.130912,4.708807,6.535644,8.772346,11.05374,13.17589,14.84819,16.27354,21.92163,27.98911,33.58706,38.01567,40.74568,41.07854,38.4514,46.34261,52.95251,55.65288,71.5122,87.06077,98.48146,103.718,100.7187,94.52031,116.1968,135.2384,141.0078,138.5407,128.0945,129.2066,135.41,146.6879,145.3035,124.0809,110.835,90.50014,74.70453,59.68829,54.40988,42.27875,31.8308,25.79956,13.2437,6.710129,13.2437,0,-6.710129,6.710129,-6.710129,-13.2437,-31.8308,-31.8308,-25.79956,-31.8308,-48.98888,-74.70453,-92.94591,-81.8562,-92.94591,-98.6951,-110.835,-139.6618,-146.6879,-141.4413,-146.3647,-142.2849,-150.4613,-150.2546,-138.7025,-130.0326,-131.8514,-125.8365,-113.2031,-141.8641,-166.3578,-194.4467,-213.0484,-231.9018,-239.193,-247.0387,-241.6842,-249.5191,-249.6634,-250.0737,-243.9785,-244.7126,-238.9423,-221.0706,-227.7167,-221.9381,0,0,0,0,0,0,0,0,0,0,0,0,0,0,0,0,-39.72044,-55.32881,-72.92234,-90.90983,0,0,0,0,0,0
0,0,-6.710129,-6.533569,-6.031235,-5.278412,-4.379578,0,10.99045,26.0346,25.70981,22.50058,22.16018,33.59067,38.58321,35.61681,31.17088,25.8631,30.34912,31.1194,30.02854,27.30416,0,17.15257,0,11.61423,10.36043,8.750416,7.907294,8.017895,7.652126,6.883889,5.711703,4.777634,4.721197,4.35821,3.814191,3.164711,0,0,0,0,0,0,0,0,0,0,0,0,0,0,0,0,0,4.851476,5.246417,5.377767,5.22496,4.811637,4.784361,5.156154,5.238845,6.281164,7.548791,8.599654,10.69194,14.46643,18.19937,21.64929,24.33398,25.82008,31.8659,40.74568,49.10773,55.4437,59.25592,59.93696,55.65288,62.86684,71.83356,75.87444,85.49504,104.4888,119.3921,125.6531,121.3766,107.7501,118.2461,138.7939,146.3647,141.4413,128.1008,120.1828,124.0809,120.8136,124.0787,98.6951,86.23578,74.70453,48.98888,31.8308,25.79956,31.8308,6.533569,6.710129,6.710129,0,0,-13.2437,-13.2437,-6.710129,-13.2437,-31.8308,-48.98888,-59.68829,-54.40988,-59.68829,-67.9944,-97.21027,-117.3685,-110.835,-120.8136,-124.0809,-120.1828,-143.7505,-155.9519,-143.9617,-141.0078,-135.2384,-130.9905,-133.42,-123.1622,-107.7883,-108.2823,-115.8228,-146.5297,-171.1986,-198.0498,-216.5635,-236.2754,-242.9532,-250.0737,-250.6886,-251.4227,-245.4759,-252.2601,-245.7606,-239.5428,-227.3638,-221.7245,0,0,0,0,0,0,0,0,0,0,0,0,0,0,0,0,0,0,0,0,-44.79221,-59.25592,-74.18982,-93.52959,0,0,0,0,0
0,0,0,0,0,0,13.8618,26.86839,33.28368,32.40781,29.91625,26.18187,31.34216,47.50881,50.01134,46.16627,40.40351,37.01461,42.60126,44.08419,42.8554,38.37831,31.1194,23.87877,0,18.47123,16.52739,13.99777,13.40688,13.67478,13.11166,11.72414,9.727761,8.676101,8.520855,7.865741,6.883889,5.711703,0,0,0,0,0,0,0,0,0,0,0,0,0,0,0,0,0,8.916376,9.636987,9.872282,9.585258,8.820329,8.772346,9.441972,9.596391,10.86116,13.04371,14.84819,16.48716,22.42459,28.36603,33.6611,37.71773,39.86087,43.52317,55.76493,67.70766,76.19481,81.13074,81.71203,75.87444,79.85333,91.24288,97.27359,94.52031,116.1968,135.2384,141.0078,136.8638,118.5072,118.2519,128.1008,138.7699,130.6144,114.2801,110.835,98.6951,92.94591,88.56633,74.70453,52.97816,42.27875,31.8308,13.2437,6.710129,6.533569,-6.533569,-6.710129,0,-6.710129,-13.2437,-31.8308,-31.8308,-25.79956,-31.8308,-48.98888,-74.70453,-86.23578,-88.56633,-86.23578,-92.16153,-117.3685,-133.1282,-125.5315,-134.132,-135.41,-129.2066,-136.8638,-145.1828,-138.7025,-125.6531,-119.3921,-107.1631,-109.758,-101.7498,-103.7378,-119.357,-148.6929,-173.5113,-201.0848,-218.8578,-238.179,-245.4759,-252.2601,-252.4707,-252.7865,-253.1634,-253.5553,-246.9562,-240.5252,-222.0918,0,0,0,0,0,0,0,0,0,0,0,0,0,0,0,0,0,0,0,0,0,0,-34.16946,-45.33215,-60.43306,-76.35302,0,0,0,0,0
0,0,0,0,6.031235,27.8575,43.95703,52.81923,35.51233,34.57785,31.91933,27.93494,42.02635,61.88751,60.25898,55.62606,48.68245,50.01134,56.04474,58.6674,57.55654,50.37197,40.5932,30.93487,29.13145,27.65524,0,0,21.44656,22.02837,21.23635,18.82167,15.61673,14.90431,14.51211,13.39637,11.72414,9.727761,0,0,0,0,0,0,0,0,0,0,0,0,0,0,0,0,13.61317,15.51309,16.75482,17.15015,16.63659,15.29355,15.2224,16.35805,16.64083,17.74924,21.29645,24.21902,26.10478,32.70324,41.84176,49.50724,55.26517,58.1204,57.46944,71.5122,87.06077,98.48146,104.3432,104.4888,97.27359,94.52031,108.0018,116.997,112.1297,118.2461,138.7939,146.3647,141.4413,120.1828,105.4938,114.2801,117.3685,105.4052,86.23578,81.8562,74.70453,59.68829,54.40988,48.98888,31.8308,19.08943,6.533569,6.710129,-6.710129,-6.533569,-31.8308,-13.2437,-6.710129,-13.2437,-31.8308,-48.98888,-59.68829,-54.40988,-52.97816,-74.70453,-90.50014,-110.835,-117.3685,-114.2801,-105.4938,-126.214,-137.7193,-136.9773,-133.3729,-133.2623,-125.9915,-121.3766,-126.6109,-123.1622,-107.7883,-98.48146,-87.88789,-97.36804,-121.8245,-141.6334,-155.4484,-175.0993,-202.1359,-220.4293,-239.5428,-246.4532,-253.5553,-246.9562,-253.7689,-253.9225,-254.106,-247.5866,-241.1409,-222.6011,0,0,0,0,0,0,0,0,0,0,0,0,0,0,0,0,0,0,0,0,0,0,0,0,-34.64486,-46.25366,-62.02105,-78.84421,0,0,0,0
0,6.710129,13.2437,25.12067,42.27875,61.46083,61.11511,43.95703,34.15645,33.25761,30.7007,26.86839,53.42598,68.79601,66.98566,61.83558,54.11681,60.25898,68.87196,73.17229,72.61836,61.39348,49.04886,38.83118,40.7847,38.91631,35.10997,29.13145,32.33706,33.4927,32.49606,28.43969,23.59697,23.92703,23.29741,21.50623,18.82167,15.61673,0,0,0,0,0,0,0,0,0,0,0,0,0,0,17.10283,18.5619,22.42985,25.53858,27.5566,28.17677,27.30039,25.06286,24.98783,26.79743,27.19435,27.38868,32.82377,37.28152,40.13074,44.79221,58.24541,68.84319,76.49912,79.96991,78.44368,85.49504,104.4888,119.3921,125.6531,124.8407,116.997,103.4858,118.2461,128.0945,123.7856,118.2519,128.1008,138.7699,130.6144,110.835,92.16153,86.23578,88.56633,74.70453,59.68829,47.69975,42.27875,31.8308,25.79956,31.8308,6.533569,-6.533569,-6.533569,-6.710129,-13.2437,-31.8308,-48.98888,-31.8308,-25.79956,-31.8308,-48.98888,-67.9944,-92.94591,-81.8562,-79.70221,-98.6951,-110.835,-114.5411,-131.5628,-128.1008,-118.2519,-123.7856,-131.5854,-130.1666,-121.3766,-120.4612,-113.1937,-100.7187,0,0,0,-91.42202,-108.5786,-124.1371,-152.8634,-175.9841,-191.7345,-203.1972,-221.0706,-240.2725,-247.2124,-254.106,-254.2968,-254.3846,-247.7217,-254.5028,-247.8773,-241.4318,-222.8999,0,0,0,0,0,0,0,0,0,0,0,0,0,0,0,0,0,0,0,0,0,0,0,0,0,-24.94878,-35.2862,-47.31489,-60.14901,0,0,0,0
0,0,0,6.533569,31.8308,47.69975,46.4446,27.8575,28.61032,27.8575,25.71565,22.50574,64.39037,69.66878,67.83546,62.62003,54.80333,66.98566,78.67448,85.24956,82.37751,68.87196,54.32416,52.58058,53.4755,51.35817,46.60188,40.7847,45.90075,48.02328,46.12374,40.36626,33.4927,36.15391,35.20257,32.49606,28.43969,23.59697,0,0,0,0,0,0,0,0,0,0,0,24.59594,24.98783,27.30039,28.07423,28.83295,34.95629,39.7563,42.84354,43.74548,42.31716,38.77895,38.77895,41.47983,41.96335,39.86087,47.69827,54.08804,58.1204,59.17931,75.32905,90.45885,99.95716,103.718,100.7187,94.52031,116.1968,135.2384,141.0078,138.5407,128.0945,103.4909,118.2519,128.1008,126.214,105.4938,114.2801,117.3685,105.4052,86.23578,67.9944,59.68829,54.40988,48.98888,31.8308,25.79956,25.12067,6.533569,6.710129,6.533569,-6.533569,-31.8308,-31.8308,-25.79956,-31.8308,-48.98888,-74.70453,-59.68829,-54.40988,-59.68829,-67.9944,-83.96657,-117.3685,-110.835,-95.69296,-111.525,-120.1828,-120.5612,-131.5563,-128.0945,-118.2461,-112.1297,-116.997,0,0,0,0,0,0,0,0,0,-144.3986,-158.1789,-177.5555,-203.7976,-221.3326,-227.7557,-240.6788,-247.5281,-254.4893,-254.5874,-254.6755,-254.7307,-254.7514,-248.0723,-241.5758,-223.0272,0,0,0,0,0,0,0,0,0,0,0,0,0,0,0,0,0,0,0,0,0,0,0,0,0,0,0,-25.35512,-33.99842,0,0,0,0,0
0,-6.710129,-6.710129,6.710129,25.79956,25.79956,25.12067,18.5871,19.08943,18.5871,17.15808,25.71565,61.11511,62.76677,61.11511,56.41635,49.37413,67.83546,82.91467,92.3253,85.22704,70.03054,54.11681,63.70408,65.42686,63.37149,57.92932,53.4755,61.23664,64.86578,61.32663,53.67146,48.02328,51.31554,49.96523,46.12374,40.36626,33.4927,37.17789,37.09575,0,0,0,0,0,36.11206,39.72044,0,40.74568,38.01567,38.77895,42.31716,43.53483,42.24312,51.48998,58.47212,62.90586,64.10749,61.88062,56.56852,56.71273,60.61158,61.07249,58.1204,65.24015,73.8215,79.14279,80.38563,90.90983,111.7274,123.1622,126.6109,121.3766,107.7501,118.2461,138.7939,146.3647,141.4413,128.1008,103.0247,105.4938,114.2801,117.3685,92.16153,86.23578,88.56633,74.70453,59.68829,42.27875,25.12067,25.79956,31.8308,13.2437,0,0,-6.533569,-6.710129,-6.533569,-31.8308,-48.98888,-59.68829,-54.40988,-59.68829,-74.70453,-90.50014,-92.94591,-81.8562,-86.23578,-92.16153,-92.24786,-120.5723,-125.5315,-110.9427,-112.8309,-118.5072,-116.5692,-116.3048,-116.997,0,0,0,0,0,0,0,0,0,0,0,0,-177.4815,-193.2131,-204.5273,-222.0918,-240.8623,-247.5866,-247.7654,-254.6292,-254.7514,-254.8195,-254.858,-254.8883,-248.1868,-241.6661,0,0,0,0,0,0,0,0,0,0,0,0,0,0,0,0,0,0,0,0,0,0,0,0,0,0,0,0,0,0,0,0,0,0,0,0
-6.710129,-6.710129,6.710129,13.2437,13.2437,6.710129,13.2437,6.533569,6.710129,6.533569,18.5871,17.15808,46.4446,47.69975,46.4446,42.87373,39.57745,61.11511,79.60567,92.24786,78.53488,62.62003,59.06769,71.36524,74.2949,72.79024,63.70408,65.42686,76.61739,82.41916,76.08252,66.58537,64.86578,68.22977,66.43437,61.32663,53.67146,48.02328,53.10819,53.27957,50.48499,52.19486,57.09642,59.17931,57.36274,51.92854,57.36274,59.93696,59.25592,55.4437,56.56852,61.88062,63.69718,61.7364,71.46789,81.15351,87.10709,88.54079,85.21391,77.63835,77.90467,83.50404,83.69997,79.14279,83.79242,94.54237,101.0437,102.2873,101.5134,127.5871,142.9107,145.1828,136.8638,118.5072,118.2519,128.1008,138.7699,130.6144,114.2801,92.24786,92.16153,86.23578,88.56633,67.9944,59.68829,54.40988,48.98888,31.8308,25.79956,6.533569,0,13.2437,0,-13.2437,-25.12067,-31.8308,-25.79956,-31.8308,-48.98888,-74.70453,-92.94591,-88.56633,-92.94591,-98.6951,-110.835,-120.8136,-110.835,-101.7242,-105.4938,-103.0247,-115.1402,-126.2779,-113.0782,-104.3843,-107.7501,-104.5377,0,0,0,0,0,0,0,0,0,0,0,0,0,-178.4588,-204.5664,-222.0918,-228.4386,-241.2457,-247.8773,-254.6755,-254.758,-254.8289,-254.8853,-254.9251,-254.9411,-248.246,0,0,0,0,0,0,0,0,0,0,0,0,0,0,0,0,0,0,0,0,0,0,0,0,0,0,0,0,0,0,0,0,0,0,0,0,0,0
-25.79956,-13.2437,-6.710129,6.710129,6.710129,0,0,6.710129,0,6.710129,6.533569,12.55586,25.12067,25.79956,25.12067,35.74518,22.57909,46.4446,67.9944,75.32263,61.11511,56.41635,64.39037,73.11388,77.63626,77.30907,62.72131,74.2949,89.62914,94.83683,87.54539,76.61739,82.41916,84.64659,82.41916,76.08252,66.58537,64.86578,71.2051,71.93535,68.56521,70.50716,77.35014,80.38563,77.81639,70.04091,77.81639,81.71203,81.13074,76.19481,77.63835,85.21391,87.78314,84.94759,93.13188,106.1111,113.5386,114.9957,110.2242,99.95716,100.4234,108.2823,107.7883,101.0437,100.7187,113.1937,120.4612,121.3766,115.7793,135.2384,151.7072,155.9519,143.7505,120.1828,105.4938,114.2801,117.3685,105.4052,86.23578,75.32263,67.9944,59.68829,54.40988,48.98888,25.12067,25.79956,31.8308,13.2437,0,-6.533569,-13.2437,0,-13.2437,-31.8308,-48.98888,-59.68829,-54.40988,-59.68829,-74.70453,-97.21027,-124.0787,-117.3685,-120.8136,-124.0809,-120.1828,-134.132,-125.5315,-110.9427,-107.5525,-103.4909,-102.7074,-111.9252,-104.5377,0,0,0,0,0,0,0,0,0,0,0,0,0,0,0,0,-205.0165,-222.466,-241.2319,-247.9191,-248.0413,-254.8195,-254.858,-254.8941,-254.9251,-254.9498,-254.9681,0,0,0,0,0,0,0,0,0,0,0,0,0,0,0,0,0,0,0,0,0,0,0,0,0,0,0,0,0,0,0,0,0,0,0,0,0,0,0,0
-48.98888,-31.8308,-13.2437,0,0,-6.710129,0,0,0,0,6.710129,0,13.2437,6.710129,13.2437,25.12067,12.55586,25.12067,48.98888,47.69975,46.4446,42.87373,56.73553,67.14635,73.57443,75.08978,52.81923,77.63626,97.60371,100.2433,92.53628,80.9852,94.83683,97.39984,94.83683,87.54539,76.61739,82.41916,89.32841,91.07521,87.47279,89.0414,98.06834,102.2873,98.84219,88.26755,98.84219,104.4888,104.3432,98.48146,99.95716,110.2242,113.6693,109.758,113.6693,130.4008,138.921,140.0011,133.42,120.1869,120.9607,131.8514,130.0326,120.4612,112.7327,125.9915,133.2623,133.3729,126.2779,138.7939,146.3647,153.9971,139.6618,110.835,92.16153,86.23578,88.56633,74.70453,59.68829,47.69975,48.98888,31.8308,25.79956,31.8308,13.2437,0,13.2437,0,-13.2437,-31.8308,-31.8308,-25.79956,-31.8308,-48.98888,-74.70453,-92.94591,-88.56633,-92.94591,-98.6951,-124.0787,-139.6618,-144.1186,-134.132,-135.41,-129.2066,-133.3729,-126.2779,-113.0782,-100.0047,0,0,0,0,0,0,0,0,0,0,0,0,0,0,0,0,0,0,0,-205.2493,-222.6586,-241.4318,-248.0479,-254.8289,-254.8853,-254.9251,-254.9411,-254.9561,-254.9689,-254.9792,0,0,0,0,0,0,0,0,0,0,0,0,0,0,0,0,0,0,0,0,0,0,0,0,0,0,0,0,0,0,0,0,0,0,0,0,0,0,0,0,0
-74.70453,-48.98888,-25.12067,-13.2437,-6.710129,-13.2437,-6.710129,0,0,0,-6.710129,0,6.710129,0,6.710129,13.2437,0,13.2437,31.8308,25.79956,25.12067,35.74518,41.16618,52.97816,61.46083,56.73553,43.95703,73.57443,98.2791,95.69296,88.33568,77.30907,100.2433,102.9525,100.2433,92.53628,80.9852,94.83683,104.3843,107.7501,104.5377,104.5377,115.7793,121.3766,116.997,103.32,116.997,124.8407,125.6531,119.3921,120.1869,133.42,137.7996,132.6462,129.1557,150.0928,158.9107,158.9972,150.2546,134.0207,135.2384,150.2546,146.2862,133.2623,113.0782,129.2066,135.41,134.132,125.5315,128.1008,138.7699,130.6144,124.0787,90.50014,67.9944,59.68829,54.40988,48.98888,31.8308,25.79956,25.12067,13.2437,6.710129,13.2437,0,-13.2437,0,-13.2437,-31.8308,-48.98888,-59.68829,-54.40988,-59.68829,-74.70453,-97.21027,-117.3685,-124.0787,-120.8136,-124.0809,-145.3035,-156.3064,-154.1354,-138.7939,-133.2623,-125.9915,-121.3766,0,0,0,0,0,0,0,0,0,0,0,0,0,0,0,0,0,0,0,0,0,0,-222.7984,-241.5077,-248.1319,-254.8941,-254.9251,-254.9498,-254.9681,-254.9768,-254.9827,-248.2777,0,0,0,0,0,0,0,0,0,0,0,0,0,0,0,0,0,0,0,0,0,0,0,0,0,0,0,0,0,0,0,0,0,0,0,0,0,0,0,0,0,0
-97.21027,-74.70453,-48.98888,-25.12067,-25.79956,-31.8308,-13.2437,-6.710129,0,-6.710129,-13.2437,-6.710129,0,0,0,0,0,6.710129,13.2437,6.710129,13.2437,25.12067,19.08943,31.8308,42.27875,41.16618,27.8575,61.46083,81.8562,79.70221,73.57443,75.08978,95.69296,98.2791,95.69296,88.33568,77.30907,100.2433,112.8309,118.5072,113.0782,113.0782,126.2779,133.3729,128.0945,111.2616,128.0945,138.5407,141.0078,135.2384,134.0207,150.2546,155.533,149.037,135.2384,160.954,168.8652,167.1511,155.9519,136.9773,138.7939,155.9519,152.3959,135.41,110.9427,120.1828,124.0809,120.8136,110.835,114.2801,117.3685,105.4052,92.94591,74.70453,42.27875,25.12067,25.79956,31.8308,13.2437,0,0,0,0,0,-13.2437,-31.8308,-25.79956,-31.8308,-48.98888,-74.70453,-92.94591,-88.56633,-86.23578,-105.4052,-117.3685,-133.1282,-150.6522,-146.6879,-135.41,-152.3959,-159.4429,-155.8823,-135.2384,0,0,0,0,0,0,0,0,0,0,0,0,0,0,0,0,0,0,0,0,0,0,0,0,-222.9272,-241.5852,-248.1752,-254.9271,-254.9561,-254.9689,-254.9792,-254.9868,-254.9914,-248.2834,0,0,0,0,0,0,0,0,0,0,0,0,0,0,0,0,0,0,0,0,0,0,0,0,0,0,0,0,0,0,0,0,0,0,0,0,0,0,0,0,0,0,0
-124.0787,-97.21027,-67.9944,-46.4446,-47.69975,-48.98888,-25.12067,-6.533569,-6.710129,-13.2437,-31.8308,-13.2437,-6.710129,0,-6.710129,-13.2437,-6.710129,0,6.710129,0,0,6.533569,6.710129,13.2437,31.8308,19.08943,18.5871,42.27875,54.40988,52.97816,61.46083,56.73553,79.70221,81.8562,79.70221,73.57443,75.08978,95.69296,111.525,120.1828,110.9427,110.9427,125.5315,134.132,128.1008,108.3735,128.1008,141.4413,146.3647,138.7939,136.9773,155.9519,161.9832,154.1354,138.7939,155.9519,164.9518,160.5307,146.6879,125.5315,128.1008,146.6879,145.3035,124.0809,95.69296,110.835,98.6951,92.94591,81.8562,86.23578,88.56633,74.70453,59.68829,48.98888,31.8308,6.533569,0,13.2437,0,-13.2437,-25.12067,-13.2437,-6.710129,-13.2437,-31.8308,-48.98888,-54.40988,-59.68829,-74.70453,-97.21027,-124.0787,-117.3685,-114.2801,-130.6144,-138.7699,-137.7193,-160.1666,-155.9519,-143.9617,0,0,0,0,0,0,0,0,0,0,0,0,0,0,0,0,0,0,0,0,0,0,0,0,0,0,0,0,-241.6504,-248.215,-254.9498,-248.258,-254.9808,-254.9878,-254.9918,-248.2847,0,0,0,0,0,0,0,0,0,0,0,0,0,0,0,0,0,0,0,0,0,0,0,0,0,0,0,0,0,0,0,0,0,0,0,0,0,0,0,0,0,0,0,0,0
-146.3719,-124.0787,-105.4052,-86.23578,-75.32263,-67.9944,-35.74518,-18.5871,-19.08943,-25.12067,-48.98888,-31.8308,-13.2437,-6.710129,-13.2437,-31.8308,-13.2437,-6.710129,0,-6.710129,-6.710129,6.710129,0,6.710129,13.2437,6.710129,6.533569,31.8308,25.79956,31.8308,42.27875,41.16618,52.97816,54.40988,52.97816,61.46083,56.73553,79.70221,98.6951,110.835,95.69296,95.69296,110.835,120.8136,114.2801,92.24786,114.2801,130.6144,138.7699,128.1008,125.5315,146.6879,153.2214,144.1186,128.1008,146.6879,145.3035,137.3246,120.8136,110.835,114.2801,120.8136,124.0787,98.6951,79.70221,81.8562,74.70453,59.68829,54.40988,52.97816,47.69975,48.98888,31.8308,25.79956,6.533569,-6.533569,-13.2437,0,-13.2437,-31.8308,-48.98888,-31.8308,-25.79956,-31.8308,-48.98888,-74.70453,-88.56633,-86.23578,-105.4052,-117.3685,-139.6618,-144.1186,-128.1008,-141.4413,-146.3647,-142.2849,-150.4613,0,0,0,0,0,0,0,0,0,0,0,0,0,0,0,0,0,0,0,0,0,0,0,0,0,0,0,0,0,-241.6974,-248.246,-254.9689,-254.9792,-254.9868,-248.2819,-254.9955,-248.2868,0,0,0,0,0,0,0,0,0,0,0,0,0,0,0,0,0,0,0,0,0,0,0,0,0,0,0,0,0,0,0,0,0,0,0,0,0,0,0,0,0,0,0,0,0,0
-169.5501,-152.0136,-130.6144,-114.2801,-92.24786,-71.41071,-42.87373,-27.8575,-28.61032,-46.4446,-67.9944,-48.98888,-25.12067,-25.79956,-25.12067,-48.98888,-31.8308,-13.2437,-6.710129,-13.2437,-13.2437,-6.710129,0,0,6.710129,-6.710129,6.710129,13.2437,6.710129,13.2437,31.8308,19.08943,31.8308,25.79956,31.8308,42.27875,41.16618,52.97816,74.70453,81.8562,79.70221,79.70221,81.8562,92.94591,86.23578,75.32263,86.23578,105.4052,117.3685,114.2801,110.835,120.8136,127.5238,117.3685,114.2801,120.8136,124.0787,105.4052,92.94591,81.8562,86.23578,92.94591,88.56633,74.70453,52.97816,54.40988,48.98888,31.8308,25.79956,31.8308,19.08943,25.12067,13.2437,0,-6.533569,-31.8308,-31.8308,-25.79956,-31.8308,-48.98888,-74.70453,-59.68829,-54.40988,-59.68829,-67.9944,-97.21027,-117.3685,-114.2801,-130.6144,-138.7699,-143.7505,-154.1354,-138.7939,-138.5407,-141.0078,0,0,0,0,0,0,0,0,0,0,0,0,0,0,0,0,0,0,0,0,0,0,0,0,0,0,0,0,0,0,-241.7244,-248.2667,-254.9827,-254.9878,-254.9918,-254.9948,-254.9969,-248.2881,0,0,0,0,0,0,0,0,0,0,0,0,0,0,0,0,0,0,0,0,0,0,0,0,0,0,0,0,0,0,0,0,0,0,0,0,0,0,0,0,0,0,0,0,0,0,0
0,-178.1955,-160.5307,-146.6879,-114.5411,-69.66878,-45.71693,-33.25761,-39.57745,-61.11511,-83.96657,-67.9944,-46.4446,-47.69975,-46.4446,-67.9944,-48.98888,-25.12067,-25.79956,-31.8308,-31.8308,-13.2437,-6.710129,0,-6.710129,-13.2437,-6.710129,6.710129,0,6.710129,6.533569,6.710129,13.2437,6.710129,13.2437,31.8308,19.08943,31.8308,48.98888,54.40988,52.97816,52.97816,54.40988,59.68829,59.68829,47.69975,59.68829,74.70453,88.56633,86.23578,81.8562,92.94591,92.94591,88.56633,86.23578,92.94591,88.56633,74.70453,59.68829,54.40988,59.68829,59.68829,54.40988,48.98888,31.8308,19.08943,31.8308,13.2437,6.710129,6.533569,-6.533569,0,0,-13.2437,-31.8308,-48.98888,-59.68829,-54.40988,-59.68829,-74.70453,-97.21027,-86.23578,-88.56633,-86.23578,-92.16153,-117.3685,-133.1282,-128.1008,-141.4413,-146.3647,-142.2849,-145.1828,-135.2384,-124.8407,0,0,0,0,0,0,0,0,0,0,0,0,0,0,0,0,0,0,0,0,0,0,0,0,0,0,0,0,0,0,0,-248.2766,-254.9914,-248.2834,-254.9955,-254.9969,-254.9981,-248.2887,-241.7556,0,0,0,0,0,0,0,0,0,0,0,0,0,0,0,0,0,0,0,0,0,0,0,0,0,0,0,0,0,0,0,0,0,0,0,0,0,0,0,0,0,0,0,0,0,0,0
0,0,-192.9506,-181.0726,-143.7505,-97.60371,-48.75822,-34.57785,-49.37413,-78.53488,-92.24786,-79.60567,-61.11511,-62.76677,-61.11511,-83.96657,-67.9944,-46.4446,-47.69975,-59.68829,-42.27875,-31.8308,-13.2437,-6.710129,-13.2437,-31.8308,-13.2437,-6.710129,0,-6.710129,-6.533569,-6.710129,6.710129,0,6.710129,6.533569,6.710129,13.2437,31.8308,25.79956,31.8308,31.8308,25.79956,31.8308,31.8308,25.79956,31.8308,48.98888,54.40988,59.68829,54.40988,59.68829,59.68829,54.40988,59.68829,52.97816,54.40988,48.98888,31.8308,19.08943,25.12067,31.8308,25.79956,31.8308,6.533569,-6.533569,6.533569,6.710129,-6.710129,-6.533569,-31.8308,-25.12067,-25.79956,-31.8308,-48.98888,-74.70453,-92.94591,-88.56633,-86.23578,-105.4052,-117.3685,-114.2801,-117.3685,-114.2801,-105.4938,-126.214,-137.7193,-138.7939,-138.5407,-141.0078,-135.2384,-126.6109,-120.9607,0,0,0,0,0,0,0,0,0,0,0,0,0,0,0,0,0,0,0,0,0,0,0,0,0,0,0,0,0,0,0,-248.2817,-254.9948,-254.9969,-254.9977,-248.2883,-254.9989,0,0,-223.169,-206.011,0,0,0,0,0,0,0,0,0,0,0,0,0,0,0,0,0,0,0,0,0,0,0,0,0,0,0,0,0,0,0,0,0,0,0,0,0,0,0,0,0,0,0,0,0,0
0,0,-206.6969,-191.6274,-159.4429,-118.5072,-74.2949,-35.85291,-60.15207,-85.22704,-92.3253,-82.91467,-67.83546,-69.66878,-78.53488,-92.24786,-79.60567,-61.11511,-75.32263,-86.23578,-61.46083,-42.27875,-31.8308,-19.08943,-31.8308,-48.98888,-31.8308,-13.2437,-6.710129,-13.2437,-31.8308,-13.2437,-6.710129,0,-6.710129,-6.533569,-6.710129,6.710129,13.2437,6.710129,6.533569,6.533569,6.710129,13.2437,13.2437,0,13.2437,31.8308,25.79956,25.12067,19.08943,31.8308,31.8308,25.79956,25.12067,18.5871,19.08943,31.8308,6.533569,-6.533569,0,6.533569,6.710129,6.533569,-6.533569,-31.8308,-6.533569,-6.710129,-13.2437,-31.8308,-48.98888,-59.68829,-54.40988,-59.68829,-74.70453,-97.21027,-124.0787,-117.3685,-114.2801,-130.6144,-138.7699,-128.1008,-131.5628,-128.1008,-118.2519,-123.7856,-131.5854,-130.1666,-124.8407,-125.6531,-119.3921,-107.1631,0,-87.06077,0,0,0,0,0,0,0,0,0,0,0,0,0,0,0,0,0,0,0,0,0,0,0,0,0,0,0,0,0,-248.2853,-254.9969,-254.9981,-254.9988,-254.9992,-254.9995,-248.2895,0,0,0,0,-157.7897,0,0,0,0,0,0,0,0,0,0,0,0,0,0,0,0,0,0,0,0,0,0,0,0,0,0,0,0,0,0,0,0,0,0,0,0,0,0,0,0,0,0,0,0,0
0,0,0,0,-178.1121,-141.0078,-100.0047,-60.25898,-61.88751,-82.37751,-85.24956,-78.67448,-66.98566,-68.79601,-85.22704,-92.3253,-82.91467,-78.53488,-92.24786,-98.2791,-65.37947,-61.46083,-52.97816,-41.16618,-52.97816,-74.70453,-42.27875,-31.8308,-25.79956,-31.8308,-48.98888,-31.8308,-13.2437,-6.710129,-13.2437,-31.8308,-13.2437,-6.710129,6.710129,-6.710129,-6.533569,-6.533569,-6.710129,6.710129,0,-13.2437,0,13.2437,0,0,-6.533569,6.533569,13.2437,0,0,-18.5871,-6.533569,6.533569,-6.533569,-31.8308,-25.12067,-6.533569,-6.710129,-6.533569,-31.8308,-48.98888,-31.8308,-25.79956,-31.8308,-48.98888,-74.70453,-92.94591,-88.56633,-92.94591,-105.4052,-117.3685,-139.6618,-144.1186,-128.1008,-141.4413,-146.3647,-138.7939,-131.5563,-128.0945,-118.2461,-112.1297,-116.997,-114.1516,-104.4888,-104.3432,-98.48146,0,0,0,0,0,0,0,0,0,0,0,0,0,0,0,0,0,0,0,0,0,0,0,0,0,0,0,0,0,0,0,-248.2876,-254.9984,-248.2888,-254.9993,-254.9996,-254.9998,0,0,0,0,0,0,-130.9213,-108.6281,0,0,0,0,0,0,0,0,0,0,0,0,0,0,0,0,0,0,0,0,0,0,0,0,0,0,0,0,0,0,0,0,0,0,0,0,0,0,0,0,0,0,0,0
0,-241.0623,0,0,0,0,-124.8407,-85.86426,-56.71165,-72.61836,-73.17229,-68.87196,-60.25898,-61.88751,-82.37751,-85.24956,-78.67448,-85.22704,-97.67404,-91.96201,-75.08978,-73.57443,-67.14635,-56.73553,-79.70221,-90.50014,-61.46083,-52.97816,-54.40988,-52.97816,-74.70453,-48.98888,-31.8308,-25.79956,-31.8308,-48.98888,-31.8308,-13.2437,-6.710129,-13.2437,-31.8308,-31.8308,-13.2437,-6.710129,-13.2437,-31.8308,-13.2437,0,-13.2437,-25.12067,-31.8308,-6.533569,0,-13.2437,-25.12067,-42.27875,-31.8308,-19.08943,-31.8308,-48.98888,-48.98888,-31.8308,-25.79956,-31.8308,-48.98888,-74.70453,-59.68829,-54.40988,-59.68829,-74.70453,-97.21027,-124.0787,-117.3685,-127.5238,-130.6144,-138.7699,-143.7505,-154.1354,-138.7939,-138.5407,-141.0078,-135.2384,-120.1589,-116.997,-108.0018,-94.52031,-97.27359,-93.91719,-85.26812,0,0,0,0,0,0,-38.01567,0,0,0,0,0,0,0,0,0,0,0,0,0,0,0,0,0,0,0,0,0,0,0,0,0,-248.2887,-254.9992,-254.9995,-254.9996,-248.2896,-254.9999,0,0,0,0,0,0,0,0,-85.44989,0,0,0,0,0,0,0,0,0,0,0,0,0,0,0,0,0,0,0,0,0,0,0,0,0,0,0,0,0,0,0,0,0,0,0,0,0,0,0,0,0,0,0,0
0,-247.0387,0,0,0,0,0,-98.84219,-65.66053,-57.55654,-58.6674,-56.04474,-50.01134,-56.71165,-72.61836,-73.17229,-68.87196,-82.37751,-93.02026,-80.98378,-77.30907,-77.63626,-73.11388,-75.08978,-95.69296,-98.2791,-73.57443,-79.70221,-81.8562,-79.70221,-90.50014,-74.70453,-52.97816,-54.40988,-52.97816,-74.70453,-48.98888,-31.8308,-25.79956,-31.8308,-48.98888,-48.98888,-31.8308,-25.79956,-31.8308,-48.98888,-31.8308,-25.79956,-31.8308,-48.98888,-48.98888,-31.8308,-25.79956,-31.8308,-48.98888,-74.70453,-59.68829,-54.40988,-59.68829,-74.70453,-74.70453,-59.68829,-54.40988,-59.68829,-74.70453,-97.21027,-92.94591,-81.8562,-92.94591,-98.6951,-124.0787,-139.6618,-144.1186,-153.2214,-153.9971,-146.3647,-142.2849,-145.1828,-135.2384,-124.8407,-125.6531,-119.3921,-101.5134,-98.84219,0,0,0,0,0,0,0,-49.10773,0,0,0,-24.59594,-21.68834,0,0,0,0,0,0,0,0,0,0,0,0,0,0,0,0,0,0,0,0,0,0,0,-254.9993,-254.9996,-254.9998,-254.9998,-254.9999,-254.9999,-248.2898,0,0,0,0,0,0,0,0,0,0,0,0,0,0,0,0,0,0,0,0,0,0,0,0,0,0,0,0,0,0,0,0,0,0,0,0,0,0,0,0,0,0,0,0,0,0,0,0,0,0,0,0,0
0,0,0,0,0,0,0,0,-90.90983,-68.56521,-53.67146,-42.60126,-38.58321,-47.39664,-57.55654,-58.6674,-61.39348,-72.61836,-77.34738,-67.19507,-72.79024,-74.2949,-71.36524,-82.65781,-100.2433,-97.60371,-88.33568,-95.69296,-98.2791,-95.69296,-110.835,-98.6951,-79.70221,-81.8562,-79.70221,-90.50014,-74.70453,-52.97816,-54.40988,-59.68829,-74.70453,-74.70453,-59.68829,-54.40988,-59.68829,-74.70453,-59.68829,-54.40988,-59.68829,-74.70453,-74.70453,-59.68829,-54.40988,-59.68829,-74.70453,-97.21027,-92.94591,-88.56633,-92.94591,-105.4052,-105.4052,-92.94591,-88.56633,-92.94591,-98.6951,-124.0787,-120.8136,-110.835,-120.8136,-124.0809,-145.3035,-156.3064,-154.1354,-161.9832,-161.1198,-151.7072,-135.2384,-126.6109,-120.9607,0,0,0,0,0,0,0,0,0,0,0,0,0,0,0,0,0,0,0,0,0,0,0,0,0,0,0,0,0,0,0,0,0,0,0,0,0,0,0,0,-254.9996,-254.9998,-254.9999,-254.9999,-255,-255,-248.2899,0,0,0,0,0,0,0,0,0,0,0,0,0,0,0,0,0,0,0,0,0,0,0,0,0,0,0,0,0,0,0,0,0,0,0,0,0,0,0,0,0,0,0,0,0,0,0,0,0,0,0,0,0,0
0,0,0,0,0,0,0,0,0,-106.1111,-89.04871,-69.52425,-49.96523,-36.58567,-42.8554,-44.08419,-50.37197,-59.12514,-59.62527,-57.92932,-63.37149,-65.42686,-63.70408,-80.56094,-94.83683,-89.62914,-92.53628,-100.2433,-102.9525,-110.9427,-120.1828,-111.525,-95.69296,-98.2791,-95.69296,-110.835,-98.6951,-79.70221,-81.8562,-92.94591,-98.6951,-98.6951,-92.94591,-81.8562,-86.23578,-105.4052,-86.23578,-88.56633,-92.94591,-105.4052,-105.4052,-92.94591,-88.56633,-92.94591,-105.4052,-124.0787,-127.5238,-124.0787,-120.8136,-137.3246,-130.6144,-120.8136,-124.0787,-120.8136,-124.0809,-145.3035,-146.6879,-125.5315,-134.132,-135.41,-152.3959,-159.4429,-155.8823,-155.533,-153.7188,-143.8944,-127.5871,-107.1631,0,0,0,0,0,0,-52.95251,0,0,0,0,0,0,0,0,0,0,0,0,0,0,0,0,0,0,0,0,0,0,0,0,0,0,0,0,0,0,0,0,0,-254.9998,-254.9999,-254.9999,-255,-255,-255,-248.2899,-241.7563,0,0,0,0,0,0,0,0,0,0,0,0,0,0,0,0,0,0,0,0,0,0,0,0,0,0,0,0,0,0,0,0,0,0,0,0,0,0,0,0,0,0,0,0,0,0,0,0,0,0,0,0,0,0
0,0,0,0,0,0,0,0,0,-142.9891,-122.96,-99.53124,-75.59537,-57.09642,-38.56447,-31.1194,-38.37831,-44.3311,-43.45901,-46.60188,-51.35817,-53.4755,-57.92932,-71.4007,-82.41916,-76.61739,-87.54539,-94.83683,-97.39984,-113.0782,-118.5072,-112.8309,-100.2433,-102.9525,-110.9427,-120.1828,-111.525,-95.69296,-110.835,-120.8136,-124.0809,-124.0809,-120.8136,-110.835,-114.2801,-130.6144,-114.2801,-117.3685,-127.5238,-130.6144,-137.3246,-120.8136,-117.3685,-127.5238,-130.6144,-145.3035,-159.9316,-150.6522,-146.6879,-160.5307,-153.9971,-146.6879,-150.6522,-146.6879,-135.41,-152.3959,-155.9519,-136.9773,-133.3729,-133.2623,-146.2862,-150.2546,-144.8523,-137.7996,-135.6215,-126.4617,-111.7274,0,0,0,0,0,-48.82309,0,0,0,0,0,0,0,0,0,0,0,0,0,0,0,0,0,0,0,0,0,0,0,0,0,0,0,0,0,0,0,0,0,-241.7562,-248.2898,-255,-255,-255,-255,-248.2899,-248.2899,-241.7563,0,0,0,0,0,0,0,0,0,0,0,0,0,0,0,0,0,0,0,0,0,0,0,0,0,0,0,0,0,0,0,0,0,0,0,0,0,0,0,0,0,0,0,0,0,0,0,0,0,0,0,0,0,0,0
0,0,0,0,0,0,0,0,0,0,0,0,-103.2915,-79.96902,-60.61158,-42.16752,-27.30416,-30.33285,-29.95857,-35.10997,-38.91631,-40.7847,-48.17048,-58.3513,-64.86578,-66.58537,-76.08252,-82.41916,-84.64659,-104.5377,-107.7501,-104.3843,-94.83683,-97.39984,-113.0782,-118.5072,-112.8309,-110.9427,-125.5315,-134.132,-135.41,-135.41,-134.132,-125.5315,-128.1008,-141.4413,-128.1008,-144.1186,-153.2214,-153.9971,-160.5307,-146.6879,-144.1186,-153.2214,-153.9971,-164.9518,-181.0726,-172.7225,-155.9519,-167.1511,-161.1198,-155.9519,-160.1666,-155.9519,-143.9617,-146.2862,-150.2546,-134.0207,-121.3766,-120.4612,-130.0326,-131.8514,-125.8365,-113.2031,-111.5506,-103.7378,-91.42202,0,0,0,0,0,0,0,-23.9033,0,0,0,0,0,0,0,0,0,0,0,0,0,-9.065815,0,0,0,0,0,0,0,0,0,0,0,0,0,0,0,-223.1691,-241.7562,-248.2898,-255,-255,-255,-255,-248.2899,-241.7563,-229.2004,-223.1692,0,0,0,0,0,0,0,0,0,0,0,0,0,0,0,0,0,0,0,0,0,0,0,0,0,0,0,0,0,0,0,0,0,0,0,0,0,0,0,0,0,0,0,0,0,0,0,0,0,0,0,0,0,0,0
0,0,0,0,0,0,0,0,0,0,0,0,0,0,-81.87263,-59.41487,-40.13074,-28.65896,-21.10579,-24.83664,-27.65524,-29.13145,-37.05192,-44.3311,-48.02328,-53.67146,-61.32663,-66.43437,-73.57851,-87.47279,-91.07521,-89.32841,-82.41916,-84.64659,-104.5377,-107.7501,-104.3843,-113.0782,-126.2779,-133.3729,-133.2623,-133.2623,-133.3729,-126.2779,-128.0945,-138.5407,-138.7939,-154.1354,-161.9832,-161.1198,-167.1511,-155.9519,-154.1354,-161.9832,-161.1198,-168.8652,-184.1434,0,0,0,0,0,0,0,0,0,-131.8514,-120.1869,-102.2873,-101.0437,-107.7883,0,0,0,0,0,0,0,0,0,0,0,0,0,0,0,0,0,0,0,0,0,0,0,0,0,0,0,0,0,0,0,0,0,0,0,0,0,0,0,0,0,-206.011,-223.1692,-241.7563,-248.2899,-255,-255,-255,-255,-255,-248.2899,-229.2004,-206.0111,-195.3117,0,0,0,0,0,0,0,0,0,0,0,0,0,0,0,0,0,0,0,0,0,0,0,0,0,0,0,0,0,0,0,0,0,0,0,0,0,0,0,0,0,0,0,0,0,0,0,0,0,0,0,0,0,0,0
0,0,0,0,0,0,0,0,0,0,0,0,0,0,0,-74.59099,-60.98635,-46.25366,-32.18858,-23.59697,-18.47123,-21.10579,-26.54651,-31.47208,-33.4927,-40.36626,-46.12374,-49.96523,-59.08625,-68.56521,-71.93535,-71.2051,-66.43437,-73.57851,-87.47279,-91.07521,-89.32841,-104.5377,-115.7793,-121.3766,-120.4612,-120.4612,-121.3766,-115.7793,-116.997,-124.8407,-135.2384,-149.037,-155.533,-153.7188,-158.9972,-150.2546,-149.037,-155.533,-153.7188,-158.9107,-170.3875,0,0,0,0,0,0,0,0,0,0,0,0,0,0,0,0,0,0,0,0,0,0,0,0,0,0,0,0,0,0,0,0,0,0,0,0,0,0,0,0,0,0,-30.1996,-37.38285,0,0,0,0,0,0,0,0,0,-180.2954,-206.0111,-223.1692,-241.7563,-248.2899,-255,-248.2899,-255,-255,-255,-248.2899,-241.7563,-223.1692,-195.3117,-162.0541,0,0,0,0,0,0,0,0,0,0,0,0,0,0,0,0,0,0,0,0,0,0,0,0,0,0,0,0,0,0,0,0,0,0,0,0,0,0,0,0,0,0,0,0,0,0,0,0,0,0,0,0,0,0,0
0,0,0,0,0,0,0,0,0,0,0,0,0,0,0,-101.909,-83.9661,-65.11868,-51.48998,-41.47983,-31.13176,-21.50623,-17.79643,-20.9517,-23.59697,-28.43969,-32.49606,-35.20257,-44.18311,-50.48499,-53.27957,-53.10819,-49.96523,-59.08625,-68.56521,-71.93535,-76.55384,-89.0414,-98.06834,-102.2873,-101.0437,-101.0437,-102.2873,-98.06834,-98.84219,-104.4888,-120.9607,-132.6462,-137.7996,-135.6215,-140.0011,-133.42,-132.6462,-137.7996,-135.6215,-138.921,0,0,0,0,0,0,0,0,0,0,0,0,0,0,0,0,0,0,0,0,0,0,0,0,0,0,0,0,-4.947654,0,0,0,0,0,0,0,0,0,0,0,0,0,0,-45.05601,-54.30326,0,0,0,0,0,0,0,0,0,-206.0111,-223.1692,-241.7563,-248.2899,-255,-255,-255,-248.2899,-255,-248.2899,-241.7563,-223.1692,-206.0111,-180.2955,0,0,0,0,0,0,0,0,0,0,0,0,0,0,0,0,0,0,0,0,0,0,0,0,0,0,0,0,0,0,0,0,0,0,0,0,0,0,0,0,0,0,0,0,0,0,0,0,0,0,0,0,0,0,0,0
0,0,0,0,0,0,0,0,0,0,0,0,0,0,0,-130.4107,0,-86.68175,0,-61.88965,-47.91531,-34.85552,-27.46273,-23.6186,-19.55582,-18.82167,-21.50623,-24.86601,-30.92016,-34.98724,-37.09575,-37.17789,-35.20257,-44.18311,-50.48499,-53.27957,-60.8789,-70.50716,-77.35014,-80.38563,-79.14279,-79.14279,-80.38563,-77.35014,-77.81639,-87.06077,-100.4234,-109.758,-113.6693,-111.5506,-114.9957,-110.2242,-109.758,-113.6693,-111.5506,0,0,0,0,0,0,0,0,0,0,0,0,0,0,0,0,0,0,0,0,0,0,0,0,0,0,0,0,0,-2.710872,0,0,0,0,0,0,0,0,0,0,0,0,0,-50.12832,0,0,-87.75906,0,0,0,0,0,0,-223.1692,-229.2004,-223.1692,-241.7563,-248.2899,-255,-255,-255,-255,-255,-248.2899,-241.7563,-223.1692,-206.0111,-180.2955,-157.7897,0,0,0,0,0,0,0,0,0,0,0,0,0,0,0,0,0,0,0,0,0,0,0,0,0,0,0,0,0,0,0,0,0,0,0,0,0,0,0,0,0,0,0,0,0,0,0,0,0,0,0,0,0,0,0,0
0,0,0,0,0,0,0,0,-254.9411,0,0,0,0,0,0,0,0,0,0,0,-66.13982,-53.07282,-43.72342,-40.14819,-34.5644,-27.98911,-21.22899,-16.45406,-20.31911,-22.85531,-24.32265,-24.48156,-24.86601,-30.92016,-34.98724,-37.09575,-45.20708,-52.19486,-57.09642,-59.17931,-58.1204,-58.1204,-59.17931,-57.09642,-57.36274,-67.70766,-77.90467,-84.94759,-87.78314,-85.97156,-88.54079,-85.21391,-84.94759,-87.78314,0,0,0,0,0,0,0,0,0,0,0,0,0,0,0,0,0,0,0,0,0,0,0,0,0,0,0,0,0,0,-1.404199,0,0,0,0,0,0,0,0,0,0,0,0,0,-67.21709,0,0,0,0,0,0,0,-206.0111,-223.1692,-241.7563,-248.2899,-241.7563,-248.2899,-255,-248.2899,-255,-255,-255,-248.2899,-241.7563,-223.1692,-206.0111,-180.2955,-157.7897,-130.9213,0,0,0,0,0,0,0,0,0,0,0,0,0,-0.7032308,0,0,0,0,0,0,0,0,0,0,0,0,0,0,0,0,0,0,0,0,0,0,0,0,0,0,0,0,0,0,0,0,0,0,0,0,0,0,0,0,0,0
0,0,0,0,0,0,0,0,0,0,0,0,-229.1565,-223.1103,0,0,0,0,0,0,0,0,-66.60181,-61.34615,-53.40997,-43.97964,-34.21203,-25.0989,-17.74924,-14.08901,-15.03849,-15.18901,-16.45406,-20.31911,-22.85531,-25.89125,-31.47469,-36.25628,-39.57622,-40.93811,-40.13074,-40.13074,-40.93811,-39.57622,-39.72044,-49.37761,-56.71273,-61.7364,-63.69718,-62.29092,-64.10749,-61.88062,-61.7364,0,0,0,0,0,0,0,0,0,0,0,0,0,0,0,0,0,0,0,0,0,0,0,0,0,0,0,0,0,0,0,-1.82151,-2.726696,0,0,0,0,0,0,0,0,0,0,0,0,0,0,0,0,0,0,-206.0111,-223.1692,-229.2004,-241.7563,-248.2899,-255,-248.2899,-255,-255,-255,-248.2899,-255,-248.2899,-241.7563,-223.1692,-206.0111,-180.2955,-157.7897,-130.9213,-108.6281,-85.44989,0,0,0,0,0,0,0,0,0,0,0,0,0,0,0,0,0,0,0,0,0,0,0,0,0,0,0,0,0,0,0,0,0,0,0,0,0,0,0,0,0,0,0,0,0,0,0,0,0,0,0,0,0,0,0
0,0,0,0,0,0,0,0,0,0,0,-248.2747,-248.2726,0,0,0,0,0,0,0,0,0,0,-87.43467,-76.39199,-63.22906,-49.56073,-36.76934,-29.49942,-22.86427,-18.11654,-13.86739,-10.23072,-12.49295,-14.08901,-16.98044,-20.60381,-23.69264,-25.82008,-26.66797,-26.10478,-26.10478,-26.66797,-25.82008,-27.46273,-33.87176,-38.853,-42.24312,-43.53483,-42.52782,-43.74548,0,0,0,0,0,0,0,0,0,0,0,0,0,0,0,0,0,0,0,0,0,0,0,0,0,0,0,0,0,0,0,0,0,0,-4.792033,-6.780325,-9.093816,0,0,0,0,0,0,0,0,0,0,0,0,0,-180.2955,-195.3117,-206.0111,-223.1692,-241.7563,-248.2899,-248.2899,-255,-255,-255,-255,-255,-255,-255,-248.2899,-241.7563,-223.1692,-206.0111,-180.2955,-157.7897,-130.9213,-108.6281,-85.44989,-67.21726,0,0,0,0,0,0,0,0,0,0,0,0,-0.2175335,0,0,0,0,0,0,0,0,0,0,0,0,0,0,0,0,0,0,0,0,0,0,0,0,0,0,0,0,0,0,0,0,0,0,0,0,0,0,0,0,0,0
0,0,0,0,0,0,0,0,0,0,-254.9953,0,0,0,0,0,0,0,0,0,0,0,0,0,-102.8059,-85.23235,-66.9687,-54.03469,-44.73257,-35.98848,-29.70544,-23.19013,-17.10283,-11.82432,-8.202886,-10.48694,-12.70656,-14.59197,-15.88233,-16.38462,-16.02091,-16.02091,-16.38462,-15.88233,-17.86032,-21.90195,-25.0989,-27.26435,-28.07423,-27.40293,0,0,0,0,0,0,0,0,0,0,0,0,0,0,0,0,0,0,0,0,0,0,0,0,0,0,0,0,0,0,0,0,0,0,0,0,0,-15.09749,-19.19322,-26.43203,-35.4428,-45.05686,-54.30381,0,0,0,0,-127.4762,-130.9213,-157.7897,-180.2955,-206.0111,-223.1692,-229.2004,-241.7563,-248.2899,-255,-255,-255,-255,-255,-255,-255,-255,-248.2899,-241.7563,0,0,0,0,0,-108.6281,-85.44989,-67.21726,-50.12886,-37.38479,0,0,0,0,0,0,0,0,0,0,0,0,0,0,0,0,0,0,0,0,0,0,0,0,0,0,0,0,0,0,0,0,0,0,0,0,0,0,0,0,0,0,0,0,0,0,0,0,0,0,0,0,0,0
0,0,0,0,0,0,0,0,0,-254.9987,0,-254.9982,0,0,0,0,0,0,0,0,0,0,0,0,0,-108.5379,-87.6561,-76.69285,-63.58429,-54.12346,-44.83955,-35.1946,-26.1633,-18.86946,-15.51309,-13.44048,-10.99625,-8.481419,-9.222438,-9.505393,-9.286388,-9.286388,-9.505393,-9.222438,-10.94894,-13.36956,-15.31019,-16.61995,-17.10283,-16.6839,0,0,0,0,0,0,0,0,0,0,0,0,0,0,0,0,0,0,0,0,0,0,0,0,0,0,0,0,0,0,0,0,0,0,0,0,0,0,0,-37.38462,-50.12874,-63.7262,-76.80449,-87.75917,-108.6281,-130.9213,-149.5948,-162.0541,-166.4337,-180.2955,-206.0111,-223.1692,-241.7563,-248.2899,-248.2899,-255,-255,-255,-255,-255,-255,-248.2899,-255,0,0,-223.1692,0,0,0,0,0,-85.44989,-67.21726,-50.12886,-37.38479,-26.43257,0,0,0,0,0,0,0,0,0,0,0,0,0,0,0,0,0,0,0,0,0,0,0,0,0,0,0,0,0,0,0,0,0,0,0,0,0,0,0,0,0,0,0,0,0,0,0,0,0,0,0,0,0,0
0,0,0,0,0,0,0,0,0,0,-254.9995,0,0,0,0,0,0,0,0,0,0,0,0,0,0,0,0,-102.9425,-87.7003,-76.72967,-63.63604,-50.02576,-37.2731,-30.06067,-26.25207,-22.91554,-18.94543,-15.65637,-13.66115,-11.29512,-8.848308,-7.712778,-6.336423,-5.060107,-6.336423,-7.712778,-8.827605,-9.577981,-9.85158,-9.60596,0,0,0,0,0,0,0,0,0,0,0,0,0,0,0,0,0,0,0,0,0,0,0,0,0,0,0,0,0,0,0,0,0,0,0,0,0,-35.44306,-45.05701,-54.3039,-67.21722,-85.44987,-102.9864,-117.6754,-130.9213,-157.7897,-180.2955,-195.3117,-200.5901,-206.0111,-223.1692,-241.7563,-248.2899,-255,-255,-255,-255,-255,-255,-255,-248.2899,-241.7563,0,0,0,0,0,0,0,0,0,-67.21726,-50.12886,-37.38479,-26.43257,-18.68891,0,0,0,0,0,0,0,0,0,0,0,0,0,0,0,0,0,0,0,0,0,0,0,0,0,0,0,0,0,0,0,0,0,0,0,0,0,0,0,0,0,0,0,0,0,0,0,0,0,0,0,0,0,0
0,0,0,0,0,0,0,-223.1691,0,0,0,0,0,0,0,0,0,0,0,0,0,0,0,0,0,0,0,0,0,-102.957,-85.41441,-67.17672,-54.26003,-44.9982,-41.51806,-36.3108,-30.09956,-26.32088,-23.01837,-19.0823,-15.82254,-13.83459,-11.4527,-8.982163,-7.849653,-6.502587,-5.36918,-5.221942,-5.36918,-5.233547,-5.377767,-5.22496,0,0,0,0,0,0,0,0,0,0,0,0,0,0,0,0,-1.060179,-0.8788672,-0.6900026,-0.6044732,-0.6234481,-0.9881729,-1.479234,-2.095535,-2.812031,-3.87403,-5.335883,-7.960799,-11.25971,-15.09829,-19.19385,-23.133,-26.43251,-30.20261,-37.38475,-50.12883,-63.72625,-76.80452,-87.75919,-108.6281,-130.9213,-149.5948,-162.0541,-180.2955,-206.0111,-223.1692,-229.2004,-223.1692,-241.7563,-248.2899,-255,-255,-255,-255,-255,-255,-248.2899,-248.2899,0,0,0,0,0,0,0,0,0,0,0,0,-37.38479,-26.43257,-18.68891,-12.52755,0,0,0,0,0,0,0,0,0,0,0,0,0,0,0,0,0,0,0,0,0,0,0,0,0,0,0,0,0,0,0,0,0,0,0,0,0,0,0,0,0,0,0,0,0,0,0,0,0,0,0,0,0,-3.56365e-14
0,0,0,0,0,-157.7897,0,0,0,0,0,0,0,0,0,0,0,0,0,0,0,0,0,0,0,0,0,0,0,0,0,-87.74408,-76.78726,-67.19411,-62.01994,-54.26847,-45.01654,-41.54901,-36.35592,-30.15874,-26.39202,-23.09253,-19.15007,-15.88053,-13.89377,-11.52384,-10.07692,-9.809414,-9.052948,-7.920796,-6.565143,-5.292727,-5.435759,-5.292727,0,0,0,0,0,0,0,-1.428367,-1.35289,-1.353333,-1.31855,-1.320437,-1.358731,-1.325031,-1.327226,-1.364364,-1.328989,-1.329786,-1.366655,-1.834349,-2.738315,-3.87412,-5.195529,-6.783792,-9.096625,-12.52738,-17.71817,-23.75818,-30.20261,-36.401,-41.59291,-45.05708,-54.30394,-67.21725,-85.44988,-102.9864,-117.6754,-130.9213,-157.7897,-180.2955,-195.3117,-206.0111,-223.1692,-241.7563,-248.2899,-241.7563,-248.2899,-255,-255,-255,-255,-255,-255,-248.2899,0,0,0,0,0,0,0,0,0,0,0,0,0,0,-26.43257,-18.68891,-12.52755,-8.397466,-5.336646,0,0,0,0,0,0,0,0,0,0,0,0,0,0,0,0,0,0,0,0,0,0,0,0,0,0,0,0,0,0,0,0,0,0,0,0,0,0,0,0,0,0,0,0,0,0,0,0,0,0,-4.334916e-15,-4.695957e-15,-4.822888e-15
0,0,0,0,-108.6281,0,0,0,0,0,0,0,0,0,0,0,0,0,0,0,0,0,0,0,0,0,0,0,0,0,0,0,-102.98,-95.05979,-87.74821,-76.79131,-67.20215,-62.03301,-54.28714,-45.04071,-41.57781,-36.38591,-30.18628,-26.41575,-23.1167,-19.17887,-17.70191,-17.23522,-15.90926,-13.92258,-11.54927,-9.838146,-10.10403,-9.838146,-9.081753,-7.94811,-6.594709,-5.187581,-4.304965,-3.571916,-2.808628,-2.808183,-2.73398,-2.808183,-2.734581,-2.735248,-2.810091,-2.736872,-2.737648,-2.81218,-2.738357,-2.738624,-2.812948,-3.214567,-4.796169,-6.783843,-9.096638,-11.56425,-15.09844,-19.19393,-26.43253,-35.44314,-45.05708,-54.30394,-62.04938,-67.21726,-76.80453,-87.75919,-108.6281,-130.9213,-149.5948,-162.0541,-180.2955,-206.0111,-223.1692,-229.2004,-241.7563,-248.2899,-255,-248.2899,-255,-255,-255,0,0,0,0,0,0,0,0,0,0,0,0,0,0,0,0,0,0,0,-18.68891,0,-8.397466,-5.336646,-3.39147,-2.043364,-1.231127,0,0,0,0,0,0,0,0,0,0,0,0,0,0,0,0,0,0,0,0,0,0,0,0,0,0,0,0,0,0,0,0,0,0,0,0,0,0,0,0,0,0,0,0,0,0,-4.038853e-16,-4.867705e-16,-5.562015e-16,-6.025276e-16,-6.188099e-16
0,0,0,-67.21726,0,0,0,-149.5948,0,0,0,0,0,0,0,0,0,0,0,0,0,0,0,0,0,0,0,0,0,0,0,0,0,-127.4732,-117.6716,-102.9817,-95.06309,-87.7534,-76.79859,-67.21147,-62.04404,-54.29861,-45.0513,-41.58698,-36.39524,-30.19731,-29.40211,-28.62811,-26.42678,-23.12773,-19.18864,-17.24625,-17.71234,-17.24625,-15.92029,-13.93301,-11.56051,-9.093816,-7.959063,-6.603895,-5.334856,-5.478926,-5.334654,-5.478926,-5.334856,-5.335079,-5.479565,-5.335623,-5.335883,-5.480296,-5.336148,-5.336233,-5.48054,-5.336403,-7.961167,-11.25996,-15.09844,-19.19394,-23.75823,-30.20264,-37.38478,-50.12885,-63.72627,-76.80453,-87.75919,-95.06843,-102.9864,-117.6754,-130.9213,-157.7897,-180.2955,-195.3117,-206.0111,-223.1692,-241.7563,-248.2899,-248.2899,-255,-255,-255,-255,-255,0,0,0,0,0,0,0,0,0,0,0,0,0,0,0,0,0,0,0,0,0,0,-5.336646,-3.39147,-2.043364,-1.231127,-0.7032308,-0.401692,-0.2175335,-0.1178037,0,0,0,0,0,0,0,0,0,0,0,0,0,0,0,0,0,0,0,0,0,0,0,0,0,0,0,0,0,0,0,0,0,0,0,0,0,0,0,0,0,-2.882161e-17,0,-4.912979e-17,-5.921218e-17,-6.76576e-17,-7.329282e-17,-7.527322e-17
0,0,-37.38479,0,0,0,0,0,0,0,0,0,0,0,0,0,0,0,0,0,0,0,0,0,0,0,0,0,0,0,0,0,-166.4329,-162.0531,-149.5935,0,-127.4744,-117.6735,-102.9844,-95.06649,-87.7574,-76.80274,-67.21532,-62.04739,-54.30201,-45.0553,-46.27282,-45.0551,-41.59099,-36.39924,-30.20086,-28.63211,-29.40591,-28.63211,-26.43077,-23.13151,-19.19268,-15.92461,-13.93693,-11.56382,-9.853951,-10.12023,-9.853887,-10.12023,-9.853951,-9.854022,-10.12043,-9.854195,-9.854278,-10.12067,-9.85437,-9.854396,-10.12074,-9.854446,-12.5275,-17.71825,-23.75823,-30.20264,-36.40102,-45.05708,-54.30395,-67.21726,-85.44989,-102.9864,-117.6754,-127.4762,-130.9213,-149.5948,-162.0541,-180.2955,-206.0111,-223.1692,-229.2004,-241.7563,-248.2899,-255,-255,-255,-255,-255,0,0,0,0,0,0,0,0,0,0,0,0,0,0,0,0,0,0,0,0,0,0,0,-5.336646,0,-2.043364,-1.231127,-0.7032308,-0.401692,-0.2175335,-0.1178037,-0.06048237,-0.03105263,-0.01511498,0,0,0,0,0,0,0,0,0,0,0,0,0,0,0,0,0,0,0,0,0,0,0,0,0,0,0,0,0,0,0,0,0,0,0,0,0,-1.575319e-18,-2.350105e-18,-3.323853e-18,0,0,-6.828709e-18,-7.802619e-18,-8.45252e-18,-8.680915e-18
0,-18.68891,-26.43257,0,0,0,0,0,0,0,0,0,0,0,0,0,0,0,0,0,0,0,0,0,0,0,0,0,0,0,0,0,-200.5899,0,0,0,-162.0535,-149.5942,-130.9207,-127.4756,-117.6749,-102.9858,-95.06781,-87.75856,-76.80392,-67.21669,-69.03321,-67.21663,-62.04876,-54.30338,-45.05652,-45.05647,-46.27412,-45.05647,-41.59236,-36.40053,-30.20224,-26.43224,-23.13283,-19.19381,-17.25186,-17.7181,-17.25184,-17.7181,-17.25186,-17.25188,-17.71816,-17.25194,-17.25196,-17.71823,-17.25199,-17.252,-17.71825,-17.25201,-19.19397,-26.43256,-35.44315,-45.05708,-54.30395,-63.72627,-76.80453,-87.75919,-108.6281,-130.9213,-149.5948,-162.0541,-166.4337,-180.2955,-195.3117,-206.0111,-223.1692,-241.7563,-248.2899,-248.2899,-255,-255,-255,-255,-255,-255,0,0,0,0,0,0,0,0,0,0,0,0,0,0,0,0,0,0,0,0,0,0,0,-3.39147,-2.043364,-1.231127,-0.7032308,-0.401692,-0.2175335,-0.1178037,-0.06048237,-0.03105263,-0.01511498,-0.00735724,-0.003395166,-0.001566775,-0.0006854706,0,0,0,0,0,0,0,0,0,0,0,0,0,0,0,0,0,0,0,0,0,0,0,0,0,0,0,0,0,0,-3.445418e-19,-7.144206e-20,0,-1.094591e-19,-1.722395e-19,-2.569496e-19,-3.634177e-19,-4.87301e-19,0,0,-8.531042e-19,-9.241616e-19,-9.49136e-19
0,0,0,0,0,0,0,0,0,0,0,0,0,0,0,0,0,0,0,0,0,0,0,0,0,0,0,0,0,0,0,-223.1692,0,0,0,0,0,0,-166.4335,-162.0539,-149.5946,-130.9212,-127.4761,-117.6753,-102.9862,-95.06826,-97.63748,-95.06824,-87.75901,-76.80437,-67.21709,-67.21708,-69.03364,-67.21708,-62.04921,-54.3038,-45.05696,-41.59283,-36.40096,-30.2026,-28.634,-29.40784,-28.634,-29.40784,-28.634,-28.63401,-29.40786,-28.63402,-28.63403,-29.40788,-28.63404,-28.63404,-29.40789,-28.63405,-30.20265,-37.38478,-50.12886,-63.72627,-76.80453,-87.75919,-102.9864,-117.6754,-130.9213,-157.7897,-180.2955,-195.3117,-200.5901,-206.0111,-223.1692,-229.2004,-241.7563,-248.2899,-255,-255,-255,-255,-255,-255,-255,0,0,0,0,0,0,0,0,0,0,0,0,0,0,0,0,0,0,0,0,0,0,0,0,0,-1.231127,-0.7032308,-0.401692,-0.2175335,-0.1178037,-0.06048237,-0.03105263,-0.01511498,-0.00735724,-0.003395166,-0.001566775,-0.0006854706,-0.0002998975,-0.0001243922,0,0,0,0,0,0,0,0,0,0,0,0,0,0,0,0,0,0,0,0,0,0,0,0,0,0,0,0,-2.935991e-19,0,-1.331482e-20,-6.836107e-21,-1.13462e-20,-1.785393e-20,-2.663477e-20,-3.767066e-20,-5.051201e-20,0,0,0,-9.579497e-20,-9.838484e-20
-5.336646,0,0,0,0,0,0,0,0,0,0,0,0,0,0,0,0,0,0,0,0,0,0,0,0,0,0,0,0,0,0,0,0,0,0,0,0,0,0,0,0,-166.4336,-162.054,-149.5947,-130.9213,-127.4762,-130.9213,-127.4762,-117.6754,-102.9864,-95.06838,-95.06837,-97.63761,-95.06837,-87.75915,-76.80449,-67.21722,-62.04935,-54.30393,-45.05707,-45.05708,-46.27474,-45.05707,-46.27474,-45.05708,-45.05708,-46.27474,-45.05708,-45.05708,-46.27475,-45.05708,-45.05708,-46.27475,-45.05709,-45.05709,-54.30395,-67.21726,-85.44989,-102.9864,-117.6754,-130.9213,-149.5948,-162.0541,-180.2955,-206.0111,-223.1692,-229.2004,-223.1692,-241.7563,-248.2899,-248.2899,-255,-255,-255,-255,-255,-255,-248.2899,0,0,0,0,0,0,0,0,0,0,0,0,0,0,0,0,0,0,0,0,0,0,0,0,0,0,0,0,-0.2175335,-0.1178037,-0.06048237,-0.03105263,-0.01511498,-0.00735724,-0.003395166,-0.001566775,-0.0006854706,-0.0002998975,-0.0001243922,-5.159591e-05,-2.028959e-05,-7.564309e-06,-2.673639e-06,0,0,0,0,0,0,0,0,0,0,0,0,0,0,0,0,0,0,0,0,0,0,0,-9.241622e-19,0,0,-1.134621e-20,-2.35268e-21,-6.718104e-22,-1.115035e-21,-1.754563e-21,-2.6175e-21,-3.702041e-21,-4.964008e-21,-6.310524e-21,0,0,-9.414138e-21,0
0,0,0,0,0,0,0,0,0,0,0,0,0,0,0,0,0,0,0,0,0,0,0,0,0,0,0,0,0,-255,0,0,0,0,0,0,0,0,0,0,0,0,0,-180.2955,-166.4337,-162.0541,-166.4337,-162.0541,-149.5948,-130.9213,-127.4762,-127.4762,-130.9213,-127.4762,-117.6754,-102.9864,-95.06842,-87.75919,-76.80453,-67.21725,-67.21726,-69.03383,-67.21726,-69.03383,-67.21726,-67.21726,-69.03383,-67.21726,-67.21726,-69.03383,-67.21726,-67.21726,-69.03383,-67.21726,-67.21726,-76.80453,-87.75919,-108.6281,-130.9213,-149.5948,-162.0541,-180.2955,-195.3117,-206.0111,-223.1692,-241.7563,-248.2899,-241.7563,-248.2899,-255,-255,-255,-255,-255,-255,-255,-248.2899,0,0,0,0,0,0,0,0,0,0,0,0,0,0,0,0,0,0,0,0,0,0,0,0,0,0,0,0,0,0,0,-0.03105263,-0.01511498,-0.00735724,-0.003395166,-0.001566775,-0.0006854706,-0.0002998975,-0.0001243922,-5.159591e-05,-2.028959e-05,-7.978683e-06,-2.974595e-06,-1.051386e-06,-3.523161e-07,0,0,0,0,0,0,0,0,0,0,0,0,0,0,0,0,0,0,0,0,-2.228048e-18,0,0,0,-8.690397e-21,-1.900696e-21,-3.941124e-22,-7.747633e-23,-1.03888e-22,-1.634721e-22,-2.438703e-22,-3.449159e-22,-4.624976e-22,-5.879463e-22,-7.086102e-22,0,0,0
0,0,0,0,0,0,0,0,0,0,0,0,0,0,0,0,0,0,0,0,0,0,0,0,0,0,0,0,0,0,0,0,0,0,0,0,0,0,0,0,0,0,0,0,0,-195.3117,-200.5901,-195.3117,-180.2955,-166.4337,-162.0541,-162.0541,-166.4337,-162.0541,-149.5948,-130.9213,-127.4762,-117.6754,-102.9864,-95.06843,-95.06843,-97.63766,-95.06843,-97.63766,-95.06843,-95.06843,-97.63766,-95.06843,-95.06843,-97.63766,-95.06843,-95.06843,-97.63766,-95.06843,-95.06843,-102.9864,-117.6754,-130.9213,-157.7897,-180.2955,-195.3117,-206.0111,-223.1692,-229.2004,-241.7563,-248.2899,-255,-248.2899,-255,-255,-255,-255,-255,-255,0,-248.2899,0,0,0,0,0,0,0,0,0,0,0,0,0,0,0,0,0,0,0,0,0,0,0,0,0,0,0,0,0,0,0,0,0,0,-0.003395166,-0.001566775,-0.0006854706,-0.0002998975,-0.0001243922,-5.159591e-05,-2.028959e-05,-7.978683e-06,-2.974595e-06,-1.108978e-06,-3.919733e-07,-1.313495e-07,0,0,0,0,0,0,0,0,0,0,0,0,0,0,0,0,0,0,0,-1.239191e-18,-3.538545e-19,0,-2.4587e-20,-5.982804e-21,-1.380189e-21,-3.018607e-22,-6.259237e-23,-1.230455e-23,-9.176495e-24,-1.443952e-23,-2.154135e-23,-3.046699e-23,-4.08527e-23,-5.193397e-23,0,0,0,0
0,0,0,0,0,0,0,0,0,0,0,0,0,0,0,0,0,0,0,0,0,0,0,0,0,0,0,0,0,0,0,0,0,0,0,0,0,0,0,0,0,0,0,0,0,0,0,0,0,-200.5901,-195.3117,-195.3117,-200.5901,-195.3117,-180.2955,-166.4337,-162.0541,-149.5948,-130.9213,-127.4762,-127.4762,-130.9213,-127.4762,-130.9213,-127.4762,-127.4762,-130.9213,-127.4762,-127.4762,-130.9213,-127.4762,-127.4762,-130.9213,-127.4762,-127.4762,-130.9213,-149.5948,-162.0541,-180.2955,-206.0111,-223.1692,-229.2004,-241.7563,-248.2899,-248.2899,-255,-255,-255,-255,-255,-255,-255,-255,-248.2899,0,0,0,0,0,0,0,0,0,0,0,0,0,0,0,0,0,0,0,0,0,0,0,0,0,0,0,0,0,0,0,0,0,0,0,0,0,0,0,0,0,0,-7.978683e-06,-2.974595e-06,-1.108978e-06,-3.919733e-07,-1.385451e-07,-4.642623e-08,0,0,-1.488637e-09,0,0,0,0,0,0,0,0,0,0,0,0,0,0,-2.228048e-18,-6.194866e-19,-1.865849e-19,0,-1.442393e-20,-3.702042e-21,-9.008202e-22,-2.078137e-22,-4.545115e-23,-9.424423e-24,-1.852695e-24,-7.68471e-25,-1.209214e-24,-1.803935e-24,-2.551381e-24,0,0,0,0,0,0
0,0,0,0,0,0,0,0,0,0,0,0,0,0,0,0,0,0,0,0,0,0,0,0,0,0,0,0,0,0,0,0,0,0,0,0,0,0,0,0,0,0,0,0,0,0,0,0,0,0,0,0,0,-223.1692,-206.0111,-200.5901,-195.3117,-180.2955,-166.4337,-162.0541,-162.0541,-166.4337,-162.0541,-166.4337,-162.0541,-162.0541,-166.4337,-162.0541,-162.0541,-166.4337,-162.0541,-162.0541,-166.4337,-162.0541,-162.0541,-166.4337,-180.2955,-195.3117,-206.0111,-223.1692,-241.7563,-248.2899,-248.2899,-255,-255,-255,-255,-255,-255,-255,-255,-248.2899,-248.2899,0,0,0,0,0,0,0,0,0,0,0,0,0,0,0,0,0,0,0,0,0,0,0,0,0,0,0,0,0,0,0,0,0,0,0,0,0,0,0,0,0,0,0,0,0,0,-1.385451e-07,-4.642623e-08,0,0,0,-4.25082e-10,-1.350468e-10,0,0,0,0,0,0,0,0,-7.659572e-16,0,0,0,-1.752655e-18,-3.63418e-19,-9.5795e-20,-2.663478e-20,-7.60559e-21,-2.058988e-21,-5.284621e-22,-1.285918e-22,-2.966518e-23,-6.488172e-24,-1.345325e-24,-2.644701e-25,-6.101162e-26,-9.600379e-26,-1.432216e-25,0,0,0,0,0,0,0
0,0,0,0,0,0,0,0,0,0,0,0,0,0,0,0,0,0,0,0,0,0,0,0,0,0,0,0,0,0,0,0,0,0,0,0,0,0,0,0,0,0,0,0,0,0,0,0,0,0,-241.7563,0,0,-241.7563,0,-229.2004,-223.1692,-206.0111,-200.5901,-195.3117,-195.3117,-200.5901,-195.3117,-200.5901,-195.3117,-195.3117,-200.5901,-195.3117,-195.3117,-200.5901,-195.3117,-195.3117,-200.5901,-195.3117,-195.3117,-200.5901,-206.0111,-223.1692,-229.2004,-241.7563,-248.2899,-255,-255,-255,-255,-255,-255,-255,-248.2899,-255,0,0,0,-223.1692,0,0,0,0,0,0,0,0,0,0,0,0,0,0,0,0,0,0,0,0,0,0,0,0,0,0,0,0,0,0,0,0,0,0,0,0,0,0,0,0,0,0,0,0,0,0,0,0,0,-4.729322e-10,-1.350468e-10,-3.655979e-11,0,0,0,0,0,0,0,0,0,-3.86468e-17,-8.452527e-18,-1.752655e-18,-3.63418e-19,0,-1.442393e-20,-3.702042e-21,-1.029313e-21,-2.786542e-22,-7.151971e-23,-1.740294e-23,-4.014752e-24,-8.780703e-25,-1.820703e-25,-3.579218e-26,-6.670707e-27,-7.22633e-27,0,0,0,0,0,0,0,0
0,0,0,0,0,0,0,0,0,0,0,0,0,0,0,0,0,0,0,0,0,0,0,0,0,0,0,0,0,0,0,0,0,0,0,0,0,0,0,0,0,0,0,0,0,0,0,0,0,0,0,0,0,-248.2899,0,0,0,0,-229.2004,-223.1692,-223.1692,-229.2004,-223.1692,-229.2004,-223.1692,-223.1692,-229.2004,-223.1692,-223.1692,-229.2004,-223.1692,-223.1692,-229.2004,-223.1692,-223.1692,-229.2004,-223.1692,-241.7563,-248.2899,-248.2899,-255,-255,-255,-255,-255,-255,-255,-248.2899,0,0,0,0,0,-195.3117,-180.2955,0,0,0,0,0,0,0,0,0,0,0,0,0,0,0,0,0,0,0,0,0,0,0,0,0,0,0,0,0,0,0,0,0,0,0,0,0,0,0,0,0,0,0,0,0,0,0,0,-1.424442e-10,-4.067523e-11,-1.101158e-11,-2.826252e-12,0,0,0,0,0,0,0,0,0,0,0,-7.144208e-20,-1.404432e-20,-2.617501e-21,-5.284621e-22,-1.320668e-22,-3.575314e-23,-9.176496e-24,-2.232911e-24,-5.151189e-25,-1.126621e-25,-2.336081e-26,-4.592345e-27,-8.558901e-28,0,0,0,0,0,0,0,0,0
0,0,0,0,0,0,0,0,0,0,0,0,0,0,0,0,0,0,0,0,0,0,0,0,0,0,0,0,0,0,0,0,0,0,0,0,0,0,0,0,0,0,0,0,0,0,0,0,0,0,0,0,0,0,0,0,0,0,0,-241.7563,0,0,-241.7563,-248.2899,-241.7563,-241.7563,-248.2899,-241.7563,-241.7563,-248.2899,-241.7563,-241.7563,-248.2899,-241.7563,-241.7563,-248.2899,-241.7563,-248.2899,-255,-255,0,0,0,0,0,0,0,0,0,0,0,0,0,0,-149.5948,0,0,0,0,0,0,0,0,0,0,0,0,0,0,0,0,0,0,0,0,0,0,0,0,0,0,0,0,0,0,0,0,0,0,0,0,0,0,0,0,0,0,0,0,0,0,0,0,0,0,-3.144387e-12,-8.070396e-13,-1.963786e-13,0,0,0,0,0,0,0,0,0,-7.144208e-20,-1.404432e-20,-2.617501e-21,-4.878319e-22,-8.61972e-23,-1.740294e-23,-4.349105e-24,-1.116246e-24,-2.71617e-25,-6.266038e-26,-1.370443e-26,-2.841684e-27,-5.586246e-28,0,0,0,0,0,0,0,0,0,0
0,0,0,0,0,0,0,0,0,0,0,0,0,0,0,0,0,0,0,0,0,0,0,0,0,0,0,0,0,0,0,0,0,0,0,0,0,0,0,0,0,0,0,0,0,0,0,0,0,0,0,0,0,0,0,0,0,-248.2899,0,-248.2899,0,0,-248.2899,0,-248.2899,-248.2899,-255,0,0,0,0,0,-255,-248.2899,-248.2899,0,0,0,0,0,0,0,0,0,0,0,0,0,0,0,0,0,0,0,0,-102.9864,0,0,0,0,0,0,0,0,0,0,0,0,0,0,0,0,0,0,0,0,0,0,0,0,0,0,0,0,0,0,0,0,0,0,0,0,0,0,0,0,0,0,0,0,0,0,0,0,0,0,-2.184826e-13,-5.316354e-14,-1.226454e-14,0,0,0,0,0,0,-3.63418e-19,-7.144208e-20,-1.404432e-20,-2.617501e-21,-4.878319e-22,-8.61972e-23,-1.523055e-23,-2.551382e-24,-5.151189e-25,-1.287322e-25,-3.132413e-26,-7.226331e-27,-1.580477e-27,0,0,0,0,0,0,0,0,0,0,0,0
0,0,0,0,0,0,0,0,0,0,0,0,0,0,0,0,0,0,0,0,0,0,0,0,0,0,0,0,0,0,0,0,0,0,0,0,0,0,0,0,0,0,0,0,0,0,0,0,0,0,0,0,0,0,0,0,0,0,0,0,0,0,0,-255,0,-255,-255,0,0,0,0,0,0,0,-255,0,0,0,0,0,0,0,0,0,0,0,0,0,0,0,0,0,0,0,0,-76.80453,0,0,0,0,0,0,0,0,0,0,0,0,0,0,0,0,0,0,0,0,0,0,0,0,0,0,0,0,0,0,0,0,0,0,0,0,0,0,0,0,0,0,0,0,0,0,0,0,0,0,0,-1.364497e-14,-3.14782e-15,-6.884609e-16,0,-3.86468e-17,-8.452527e-18,-1.752655e-18,-3.63418e-19,-7.144208e-20,-1.404432e-20,-2.617501e-21,-4.878319e-22,-8.61972e-23,-1.523055e-23,-2.551382e-24,-4.274055e-25,-6.787916e-26,-1.407493e-26,-3.424863e-27,-7.900908e-28,0,0,-7.043792e-30,0,0,0,0,0,0,0,0,0,0
0,0,0,0,0,0,0,0,0,0,0,0,0,0,0,0,0,0,0,0,0,0,0,0,0,0,0,0,0,0,0,-127.4762,0,0,0,0,0,0,0,0,0,0,0,0,0,0,0,0,0,0,0,0,0,0,0,0,0,0,0,0,0,0,-255,0,0,-255,0,0,0,0,0,0,0,0,-255,0,0,0,0,0,0,0,0,0,0,0,0,0,0,0,0,0,0,0,0,0,-45.05709,0,0,0,0,0,0,0,0,0,0,0,0,0,0,0,0,0,0,0,0,0,0,0,0,0,0,0,0,0,0,0,0,0,0,0,0,0,0,0,0,0,0,0,0,0,0,0,0,0,0,0,0,-1.675242e-16,-3.47369e-17,-8.013521e-18,-1.752655e-18,-3.63418e-19,-7.144208e-20,-1.404432e-20,-2.617501e-21,-4.878319e-22,-8.61972e-23,-1.523055e-23,-2.551382e-24,-4.274055e-25,-6.787916e-26,-1.078041e-26,0,0,0,0,0,0,0,0,0,0,0,0,0,0,0,0
0,0,0,0,0,0,0,0,0,0,0,0,0,0,0,0,0,0,0,0,0,0,0,0,0,0,0,0,0,0,0,0,0,0,0,0,0,0,0,0,0,0,0,0,0,0,0,0,0,0,0,0,0,0,0,0,0,0,0,0,0,0,0,0,0,-255,0,0,0,0,0,0,0,0,-255,0,0,0,0,0,0,0,0,0,0,0,-157.7897,0,0,0,0,0,0,0,0,0,0,-23.75826,0,0,0,0,0,0,0,0,0,0,0,0,0,0,0,0,0,0,0,0,0,0,0,0,0,0,0,0,0,0,0,0,0,0,0,0,0,0,0,0,0,0,0,0,0,0,0,0,0,0,0,0,-8.013521e-18,-1.575321e-18,-3.445418e-19,-7.144208e-20,-1.404432e-20,-2.617501e-21,-4.878319e-22,-8.61972e-23,-1.523055e-23,-2.551382e-24,0,0,0,0,0,0,0,0,0,0,0,0,0,0,0,0,0,0,0,-2.362933e-33
0,0,0,0,0,0,0,0,0,0,0,0,0,0,0,0,0,0,0,0,0,0,0,0,0,0,0,0,0,0,0,0,0,0,0,0,0,0,0,0,0,0,0,0,0,0,0,0,0,0,0,0,0,0,0,0,0,0,0,0,0,0,0,0,0,-248.2899,0,0,0,0,0,0,0,0,0,0,0,0,0,0,0,0,0,0,0,0,0,0,0,0,0,0,0,0,0,0,0,-15.09852,0,0,0,0,0,0,0,0,0,0,0,0,0,0,0,0,0,0,0,0,0,0,0,0,0,0,0,0,0,0,0,0,0,0,0,0,0,0,0,0,0,0,0,0,0,0,0,0,0,0,0,0,0,0,0,0,0,0,-8.61972e-23,0,0,0,0,0,0,0,0,0,0,0,0,0,0,0,0,0,0,0,0,0,0,0
0,0,0,0,0,0,0,0,0,0,0,0,0,0,0,0,0,0,0,0,0,0,0,0,0,0,0,0,0,0,0,0,0,0,0,0,0,0,0,0,0,0,0,0,0,0,0,0,0,0,0,0,0,0,0,0,0,0,0,-241.7563,0,0,0,0,0,-241.7563,0,0,0,0,0,0,0,0,0,0,0,0,0,0,0,0,0,0,0,0,0,0,0,0,0,0,0,0,0,0,0,0,-6.784204,0,0,0,0,0,0,0,0,0,0,0,0,0,0,0,0,0,0,0,0,0,0,0,0,0,0,0,0,0,0,0,0,0,0,0,0,0,0,0,0,0,0,0,0,0,0,0,0,0,0,0,0,0,0,0,0,0,0,0,0,0,0,0,0,0,0,0,0,0,0,0,0,0,0,0,0,0,0,0,0,0
0,0,0,0,0,0,0,0,0,0,0,0,0,0,0,0,0,0,0,0,0,0,0,0,0,0,0,0,0,0,0,0,0,0,0,0,0,0,0,0,0,0,0,0,0,0,0,0,0,0,0,0,0,0,0,0,0,0,-229.2004,0,0,0,0,0,0,-223.1692,0,0,0,0,0,0,0,0,0,0,0,0,0,0,0,0,0,0,0,0,0,0,0,0,0,0,0,0,0,0,0,0,-3.875198,-2.739924,0,0,0,0,0,0,0,0,0,0,0,0,0,0,0,0,0,0,0,0,0,0,0,0,0,0,0,0,0,0,0,0,0,0,0,0,0,0,0,0,0,0,0,0,0,0,0,0,0,0,0,0,0,0,0,0,0,0,0,0,0,0,0,0,0,0,0,0,0,0,0,0,0,0,0,0,0,0,0,0
0,0,0,0,0,0,0,0,0,0,0,0,0,0,0,0,0,0,0,0,0,0,0,0,0,0,0,0,0,0,0,0,0,0,0,0,0,0,0,0,0,0,0,0,0,0,0,0,0,0,0,0,0,0,0,0,0,0,0,-195.3117,0,0,0,0,0,-195.3117,0,0,0,0,0,0,-200.5901,-195.3117,0,0,0,0,0,0,0,0,0,0,0,0,0,0,0,0,0,0,0,0,0,0,0,0,0,-1.483786,0,0,0,0,0,0,0,0,0,0,0,0,0,0,0,0,0,0,0,0,0,0,0,0,0,0,0,0,0,0,0,0,0,0,0,0,0,0,0,0,0,0,0,0,0,0,0,0,0,0,0,0,0,0,0,0,0,0,0,0,0,0,0,0,0,0,0,0,0,0,0,0,0,0,0,0,0,0,0,-1.237187e-38
0,0,0,0,0,0,0,0,0,0,0,0,0,0,0,0,0,0,0,0,0,0,0,0,0,0,0,0,0,0,0,0,0,0,0,0,0,0,0,0,0,0,0,0,0,0,0,0,0,0,0,0,0,0,0,0,-149.5948,0,0,-162.0541,-162.0541,0,0,0,-162.0541,0,0,0,0,0,0,0,-166.4337,-162.0541,-162.0541,0,0,0,0,0,0,0,0,0,0,0,0,0,0,0,0,0,0,0,0,0,0,0,0,0,-0.5106507,0,0,0,0,0,0,0,0,0,0,0,0,0,0,0,0,0,0,0,0,0,0,0,0,0,0,0,0,0,0,0,0,0,0,0,0,0,0,0,0,0,0,0,0,0,0,0,0,0,0,0,0,0,0,0,0,0,0,0,0,0,0,0,0,0,0,0,0,0,0,0,0,0,0,0,0,0,0,-5.177728e-40
0,0,0,0,0,0,0,0,0,0,0,0,0,0,0,0,0,0,0,0,0,0,0,0,0,0,0,0,0,0,0,0,0,0,0,0,0,0,0,0,0,0,0,0,0,0,0,0,0,0,0,0,0,0,0,0,0,0,0,0,0,0,0,0,-127.4762,0,0,0,0,0,0,0,0,0,-127.4762,0,0,0,0,0,0,0,0,0,0,0,0,0,0,0,0,0,0,0,0,0,0,0,0,0,-0.2485603,0,0,0,0,0,0,0,0,0,0,0,0,0,0,0,0,0,0,0,0,0,0,0,0,0,0,0,0,0,0,0,0,0,0,0,0,0,0,0,0,0,0,0,0,0,0,0,0,0,0,0,0,0,0,0,0,0,0,0,0,0,0,0,0,0,0,0,0,0,0,0,0,0,0,0,0,0,0,-2.07252e-41
0,0,0,0,0,0,0,0,0,0,0,0,0,0,0,0,0,0,0,0,0,0,0,0,0,0,0,0,0,0,0,0,0,0,0,0,0,0,0,0,0,0,0,0,0,0,0,0,0,0,0,0,0,0,0,0,0,0,0,0,0,0,0,0,-95.06843,0,0,0,0,0,0,0,0,0,0,0,0,0,0,0,0,0,0,0,0,0,0,0,0,0,0,0,0,0,0,0,0,0,0,0,0,-0.07289488,0,0,0,0,0,0,0,0,0,0,0,0,0,0,0,0,0,0,0,0,0,0,0,0,0,0,0,0,0,0,0,0,0,0,0,0,0,0,0,0,0,0,0,0,0,0,0,0,0,0,0,0,0,0,0,0,0,0,0,0,0,0,0,0,0,0,0,0,0,0,0,0,0,0,0,0,0,0
