0,0,0,0,0,0,0,0,0,8.56695,3.031721,0.9341158,0.2505883,0.05852872,0.01190215,0.00210732,0.0003248511,4.359998e-05,5.094906e-06,5.183643e-07,4.591794e-08,3.541426e-09,2.378058e-10,1.390321e-11,0,0,0,0,0,0,0,0,0,0,0,0,0,0,0,0,0,0,0,0,0,0,0,0,0,0,0,0,0,0,0,0,0,0,0,0,0,0,0,0,0,0,0,0,0,0,0,0,0,0,0,0,0,0,0,0,0,0,0,0,0,0,0,0,0,0,0,0,0,0,0,0,0,0,0,0,0,0,0,0,0,0,0,0,0,0,0,0,0,0,0,0,0,0,0,0,0,0,0,0,0,0,0,0,0,0,0,0,0,0,0,0,0,0,0,0,0,0,0,0,0,0,0,0,0,0,0,0
0,0,0,0,0,0,0,0,0,0,3.031721,0.9341158,0.2505883,0.05852872,0.01190215,0.00210732,0.0003248511,4.359998e-05,5.094906e-06,5.183643e-07,4.591794e-08,3.541426e-09,2.378058e-10,1.390321e-11,7.077101e-13,0,0,0,0,0,0,0,0,0,0,0,0,0,0,0,0,0,0,0,0,0,0,0,0,0,0,0,0,0,0,0,0,0,0,0,0,0,0,0,0,0,0,0,0,0,0,0,0,0,0,0,0,0,0,0,0,0,0,0,0,0,0,0,0,0,0,0,0,0,0,0,0,0,0,0,0,0,0,0,0,0,0,0,0,0,0,0,0,0,0,0,0,0,0,0,0,0,0,0,0,0,0,0,0,0,0,0,0,0,0,0,0,0,0,0,0,0,0,0,0,0,0,0,0,0,0,0
0,0,0,0,0,0,0,0,0,0,0,0.9341158,0.2505883,0.05852872,0.01190215,0.00210732,0.0003248511,4.359998e-05,5.094906e-06,5.183643e-07,4.591794e-08,3.541426e-09,2.378058e-10,1.390321e-11,7.077101e-13,0,0,0,0,0,0,0,0,0,0,0,0,0,0,0,0,0,0,0,0,0,0,0,0,0,0,0,0,0,0,0,0,0,0,0,0,0,0,0,0,0,0,0,0,0,0,0,0,0,0,0,0,0,0,0,0,0,0,0,0,0,0,0,0,0,0,0,0,0,0,0,0,0,0,0,0,0,0,0,0,0,0,0,0,0,0,0,0,0,0,0,0,0,0,0,0,0,0,0,0,0,0,0,0,0,0,0,0,0,0,0,0,0,0,0,0,0,0,0,0,0,0,0,0,0,0,0
0,0,0,0,0,0,0,0,0,0,0,0,0.2505883,0.05852872,0.01190215,0.00210732,0.0003248511,4.359998e-05,5.094906e-06,5.183643e-07,4.591794e-08,3.541426e-09,2.378058e-10,1.390321e-11,7.077101e-13,3.136504e-14,0,0,0,0,0,0,0,0,0,0,0,0,0,0,0,0,0,0,0,0,0,0,0,0,0,0,0,0,0,0,0,0,0,0,0,0,0,0,0,0,0,0,0,0,0,0,0,0,0,0,0,0,0,0,0,0,0,0,0,0,0,0,0,0,0,0,0,0,0,0,0,0,0,0,0,0,0,0,0,0,0,0,0,0,0,0,0,0,0,0,0,0,0,0,0,0,0,0,0,0,0,0,0,0,0,0,0,0,0,0,0,0,0,0,0,0,0,0,0,0,0,0,0,0,0,0
0,0,0,0,0,0,0,0,0,0,0,0,0,0.05852872,0.01190215,0.00210732,0.0003248511,4.359998e-05,5.094906e-06,5.183643e-07,4.591794e-08,3.541426e-09,2.378058e-10,1.390321e-11,7.077101e-13,3.136504e-14,1.210268e-15,0,0,0,0,0,0,0,0,0,0,0,0,0,0,0,0,0,0,0,0,0,0,0,0,0,0,0,0,0,0,0,0,0,0,0,0,0,0,0,0,0,0,0,0,0,0,0,0,0,0,0,0,0,0,0,0,0,0,0,0,0,0,0,0,0,0,0,0,0,0,0,0,0,0,0,0,0,0,0,0,0,0,0,0,0,0,0,0,0,0,0,0,0,0,0,0,0,0,0,0,0,0,0,0,0,0,0,0,0,0,0,0,0,0,0,44.21459,0,0,0,0,0,0,0,0,0
0,0,0,0,0,0,0,0,0,0,0,0,0,0.05852871,0.01190215,0.002107319,0.000324851,4.359997e-05,5.094905e-06,5.183642e-07,4.591793e-08,3.541425e-09,2.378057e-10,1.390321e-11,7.0771e-13,3.136503e-14,1.210268e-15,0,0,0,0,0,0,0,0,0,0,0,0,0,0,0,0,0,0,0,0,0,0,0,0,0,0,0,0,0,0,0,0,0,0,0,0,0,0,0,0,0,0,0,0,0,0,0,0,0,0,0,0,0,0,0,0,0,0,0,0,0,0,0,0,0,0,0,0,0,0,0,0,0,0,0,0,0,0,0,0,0,0,0,0,0,0,0,0,0,0,0,0,0,0,0,0,0,0,0,0,0,0,0,0,0,0,0,0,0,0,0,0,0,0,0,81.17125,81.17125,0,0,0,0,0,0,0,0
0,0,0,0,0,0,0,0,0,0,0,0,0,0.05852864,0.01190214,0.002107317,0.0003248507,4.359992e-05,5.0949e-06,5.183636e-07,4.591788e-08,3.541421e-09,2.378055e-10,1.390319e-11,7.077092e-13,3.1365e-14,1.210266e-15,0,0,0,0,0,0,0,0,0,0,0,0,0,0,0,0,0,0,0,0,0,0,0,0,0,0,0,0,0,0,0,0,0,0,0,0,0,0,0,0,0,0,0,0,0,0,0,0,0,0,0,0,0,0,0,0,0,0,0,0,0,0,0,0,0,0,0,0,0,0,0,0,0,0,0,0,0,0,0,0,0,0,0,0,0,0,0,0,0,0,0,0,0,0,0,0,0,0,0,0,0,0,0,0,0,0,0,0,0,0,0,0,0,0,128.1612,128.1612,128.1612,128.1612,128.1612,125.4268,0,0,0,0,0
0,0,0,0,0,0,0,0,0,0,0,0,0,0.05852823,0.01190205,0.002107302,0.0003248484,4.359962e-05,5.094864e-06,5.1836e-07,4.591756e-08,3.541396e-09,2.378038e-10,1.390309e-11,7.077042e-13,3.136478e-14,1.210258e-15,4.065965e-17,0,0,0,0,0,0,0,0,0,0,0,0,0,0,0,0,0,0,0,0,0,0,0,0,0,0,0,0,0,0,0,0,0,0,0,0,0,0,0,0,0,0,0,0,0,0,0,0,0,0,0,0,0,0,0,0,0,0,0,0,0,0,0,0,0,0,0,0,0,0,0,0,0,0,0,0,0,0,0,0,0,0,0,0,0,0,0,0,0,0,0,0,0,0,0,0,0,0,0,0,0,0,0,0,0,0,0,0,75.63602,92.34523,130.555,160.7018,172.2252,172.2252,172.2252,172.2252,172.2252,172.2252,169.0941,159.0774,179.8903,192.7896,192.7896,192.7896
0,0,0,0,0,0,0,0,0,0,0,0,0,0,0.0119016,0.002107222,0.0003248359,4.359794e-05,5.094668e-06,5.183401e-07,4.59158e-08,3.54126e-09,2.377947e-10,1.390256e-11,7.076771e-13,3.136358e-14,1.210211e-15,0,0,0,0,0,0,0,0,0,0,0,0,0,0,0,0,0,0,0,0,0,0,0,0,0,0,0,0,0,0,0,0,0,0,0,0,0,0,0,0,0,0,0,0,0,0,0,0,0,0,0,0,0,0,0,0,0,0,0,0,0,0,0,0,0,0,0,0,0,0,0,0,0,0,0,0,0,0,0,0,0,0,0,0,0,0,0,0,0,0,6.877087,0,0,0,0,0,0,0,0,0,0,0,0,0,0,72.90165,87.66907,107.913,115.651,115.651,112.5199,146.1438,179.8903,192.7896,192.7896,192.7896,192.7896,192.7896,192.7896,192.7896,174.1084,159.3692,170.797,170.797,170.797
0,0,0,0,0,0,0,0,0,0,0,0,0,0,0.01189942,0.002106836,0.0003247765,4.358997e-05,5.093736e-06,5.182453e-07,4.59074e-08,3.540613e-09,2.377512e-10,1.390002e-11,7.075477e-13,3.135784e-14,1.20999e-15,0,0,0,0,0,0,0,0,0,0,0,0,0,0,0,0,0,0,0,0,0,0,0,0,0,0,0,0,0,0,0,0,0,0,0,0,0,0,0,0,0,0,0,0,0,0,0,0,0,0,0,0,0,0,0,0,0,0,0,0,0,0,0,0,0,0,0,0,0,0,0,0,0,0,0,0,0,0,0,0,0,0,0,0,0,0,0,0,0,0,0,0,0,0,0,0,0,60.79821,0,79.60947,77.70881,95.6528,116.2786,120.7507,117.0613,112.5199,112.3076,138.2409,148.1536,148.1536,148.1536,129.4724,159.3692,170.797,170.797,170.797,170.797,170.797,170.797,170.797,151.3535,127.4201,118.2718,118.2718,118.2718
0,0,0,0,0,0,0,0,0,0,0,0,0,0,0.01189046,0.002105249,0.0003245319,4.355713e-05,5.089899e-06,5.178549e-07,4.587282e-08,3.537945e-09,2.375721e-10,1.388955e-11,7.070146e-13,3.133422e-14,1.209078e-15,4.051104e-17,0,0,0,0,0,0,0,0,0,0,0,0,0,0,0,0,0,0,0,0,0,0,0,0,0,0,0,0,0,0,0,0,0,0,0,0,0,0,0,0,0,0,0,0,0,0,0,0,0,0,0,0,0,0,0,0,0,0,0,0,0,0,0,0,0,0,0,0,0,0,0,0,0,0,0,0,0,0,0,0.9907354,0,0,0,0,0,0,0,0,0,0,43.52313,61.53173,75.74021,79.60947,77.70881,76.20923,95.07961,119.0129,125.4268,120.7507,126.8656,156.1605,159.0774,151.1744,148.1536,129.4724,143.4491,153.7353,153.7353,153.7353,134.2917,110.3584,118.2718,118.2718,118.2718,118.2718,118.2718,118.2718,118.2718,108.4675,74.63127,61.69771,61.69771,61.69771
0,0,0,0,0,0,0,0,0,0,0,0,0,0,0.01185855,0.0020996,0.0003236611,4.344026e-05,5.076242e-06,5.164654e-07,4.574973e-08,3.528453e-09,2.369346e-10,1.385228e-11,7.051176e-13,3.125015e-14,1.195879e-15,1.205834e-15,1.208902e-15,0,0,0,0,0,0,0,0,0,0,0,0,0,0,0,0,0,0,0,0,0,0,0,0,0,0,0,0,0,0,0,0,0,0,0,0,0,0,0,0,0,0,0,0,0,0,0,0,0,0,0,0,0,0,0,0,0,0,0,0,0,0,0,0,0,0,0,0,0,0,0,0,0,0,0,0,0,0,0,0,0,0,0,14.40759,23.50013,33.2238,40.50229,42.85051,42.31983,68.71864,97.15239,119.5861,125.4268,120.7507,117.0613,125.4553,159.2916,169.0941,159.0774,151.1744,176.8695,174.1084,159.3692,153.7353,134.2917,110.3584,118.2718,118.2718,118.2718,108.4675,74.63127,61.69771,61.69771,61.69771,61.69771,61.69771,61.69771,61.69771,61.69771,32.9818,17.06169,17.06169,17.06169
0,0,0,0,0,0,0,0,0,0,0,0,0,0.05783286,0.01176065,0.002082266,0.0003209889,4.308161e-05,5.034332e-06,5.122014e-07,4.537202e-08,3.499321e-09,2.349785e-10,1.373791e-11,6.99296e-13,5.744248e-14,3.099214e-14,0,0,0,0,0,0,0,0,0,0,0,0,0,0,0,0,0,0,0,0,0,0,0,0,0,0,0,0,0,0,0,0,0,0,0,0,0,0,0,0,0,0,0,0,0,0,0,0,0,0,0,0,0,0,0,0,0,0,0,0,0,0,0,0,0,0,0,0,0.1888279,0,0,0,0,0,0,0,0,0,0,8.484203,8.401561,10.99287,15.47662,18.95878,20.07603,26.1789,42.85051,61.00105,73.97558,77.70881,76.20923,92.34523,130.555,160.7018,169.0941,159.0774,151.1744,148.1536,176.8695,192.7896,174.1084,159.3692,153.7353,151.3535,127.4201,118.2718,108.4675,74.63127,61.69771,61.69771,61.69771,61.69771,32.9818,17.06169,17.06169,17.06169,17.06169,17.06169,17.06169,17.06169,17.06169,17.06169,0,0,0
0,0,0,0,0,0,0,0,0,0,0,0,0,0.05656239,0.01150229,0.002036523,0.0003139375,4.21352e-05,4.923738e-06,5.009493e-07,4.437529e-08,3.422448e-09,2.298165e-10,1.343612e-11,3.421648e-12,1.125398e-12,6.99296e-13,0,0,0,0,0,0,0,0,0,0,0,0,0,0,0,0,0,0,0,0,0,0,0,0,0,0,0,0,0,0,0,0,0,0,0,0,0,0,0,0,0,0,0,0,0,0,0,0,0,0,0,0,0,0,0,0,0,0,0,0,0,0,0,0,0,0,0,0,0.7017232,0,0,0,0,0,0,0,11.21858,15.84312,19.47693,20.76868,20.54035,23.20714,32.59932,39.82967,42.31983,40.5552,66.81799,95.6528,116.2786,120.7507,117.0613,112.5199,146.1438,179.8903,192.7896,174.1084,159.3692,153.7353,153.7353,170.797,151.3535,127.4201,118.2718,108.4675,74.63127,61.69771,61.69771,32.9818,17.06169,17.06169,17.06169,17.06169,17.06169,0,0,0,0,0,0,0,0,0,0,0,0
0,0,0,0,0,0,0,0,0,0,0,0,0.2298758,0.053691,0.01091838,0.001933139,0.0002980004,3.99962e-05,4.673783e-06,4.755186e-07,4.212256e-08,3.248708e-09,5.262663e-10,1.657452e-10,4.397436e-11,1.918882e-11,1.373791e-11,0,0,0,0,0,0,0,0,0,0,0,0,0,0,0,0,0,0,0,0,0,0,0,0,0,0,0,0,0,0,0,0,0,0,0,0,0,0,0,0,0,0,0,0,0,0,0,0,0,0,0,0,0,0,0,0,0,0,0,0,0,0,0,0,0,0,0,0,0,0,0,0,4.534974,6.411417,7.859385,14.7185,23.89978,33.72404,41.41976,44.14761,43.52313,42.31983,59.23642,72.07492,76.20923,72.90165,87.66907,126.8656,156.1605,159.0774,151.1744,148.1536,129.4724,159.3692,170.797,151.3535,127.4201,118.2718,118.2718,118.2718,108.4675,74.63127,61.69771,61.69771,32.9818,17.06169,17.06169,17.06169,0,0,0,0,0,-17.06169,-17.06169,-17.06169,-17.06169,-17.06169,-17.06169,-17.06169,-17.06169,-17.06169,0,0,0
0,0,0,0,0,0,0,0,0,0,0,0,0.2062207,0.04816599,0.009794833,0.001734211,0.000267335,3.588043e-05,4.192829e-06,4.26586e-07,3.778797e-08,1.67879e-08,6.084374e-09,1.85677e-09,6.073666e-10,2.847289e-10,2.349785e-10,0,0,0,0,0,0,0,0,0,0,0,0,0,0,0,0,0,0,0,0,0,0,0,0,0,0,0,0,0,0,0,0,0,0,0,0,0,0,0,0,0,0,0,0,0,0,0,0,0,0,0,0,0,0,0,0,0,0,0,0,0,0,0,0,0,0,0,0,6.3598,7.80379,8.333128,8.316361,11.05074,15.66903,19.16602,27.09637,44.14761,62.20435,76.27089,81.3741,79.60947,77.24314,92.34523,111.6024,117.0613,112.5199,102.5033,138.2409,176.8695,174.1084,159.3692,153.7353,134.2917,110.3584,118.2718,108.4675,74.63127,61.69771,61.69771,61.69771,61.69771,32.9818,17.06169,17.06169,17.06169,0,0,0,0,0,0,0,0,-17.06169,-61.69771,-61.69771,-61.69771,-61.69771,-61.69771,-61.69771,-61.69771,-17.06169,0,0,0
0,0,0,0,0,0,0,0,0,0,0,0.6256636,0.167842,0.03920206,0.007971969,0.001411466,0.0002175826,2.920292e-05,3.412527e-06,7.309088e-07,4.059609e-07,1.692695e-07,5.94046e-08,1.803673e-08,7.837254e-09,3.676405e-09,0,0,0,0,0,0,0,0,0,0,0,0,0,0,0,0,0,0,0,0,0,0,0,0,0,0,0,0,0,0,0,0,0,0,0,0,0,0,0,0,0,0,0,0,0,0,0,0,0,0,0,0,0,0,0,0,0,0,0,0,0,0,0,0,0,0,0,0,10.99287,15.47662,18.95878,20.20552,20.14301,23.27412,33.2238,40.50229,42.85051,70.48328,99.05305,121.0857,128.7344,125.4268,120.7507,122.3242,146.1438,151.1744,148.1536,129.4724,114.7332,153.7353,151.3535,127.4201,118.2718,108.4675,74.63127,61.69771,61.69771,32.9818,17.06169,17.06169,17.06169,17.06169,17.06169,0,0,0,0,0,0,-17.06169,-17.06169,-17.06169,-17.06169,-17.06169,-32.9818,-74.63127,-118.2718,-118.2718,-118.2718,-118.2718,-118.2718,-61.69771,-17.06169,0,0,0
0,0,0,0,0,0,0,0,0,0,0,0.4332528,0.1162257,0.02714625,0.005520347,0.0009773987,0.0001506698,2.022216e-05,1.166521e-05,7.441603e-06,3.568972e-06,1.440154e-06,5.032018e-07,1.630384e-07,8.798292e-08,4.437529e-08,0,0,0,0,0,0,0,0,0,0,0,0,0,0,0,0,0,0,0,0,0,0,0,0,0,0,0,0,0,0,0,0,0,0,0,0,0,0,0,0,0,0,0,0,0,0,0,0,0,0,0,0,0,0,0.189262,0.2326919,0.2484809,0.304522,0,0,0,0,0,0,0,7.685296,8.066087,14.20035,23.20714,32.59932,39.82967,42.31983,42.11699,42.11699,60.79821,73.97558,77.70881,95.6528,135.2311,164.3913,173.6354,169.0941,159.0774,148.1536,158.1883,159.3692,153.7353,134.2917,110.3584,101.2101,108.4675,74.63127,61.69771,61.69771,32.9818,17.06169,17.06169,17.06169,0,0,0,0,0,0,0,-17.06169,-17.06169,-17.06169,-17.06169,-32.9818,-61.69771,-61.69771,-61.69771,-61.69771,-74.63127,-108.4675,-151.3535,-170.797,-170.797,-170.797,-118.2718,-61.69771,-17.06169,0,0,0
0,0,0,0,0,0,0,0,0,0,0,0.2260108,0.06063043,0.01416112,0.002879754,0.0005098694,7.859824e-05,0.0001411304,0.0001034063,5.70324e-05,2.645774e-05,1.063568e-05,3.69101e-06,1.590601e-06,8.592314e-07,5.009493e-07,0,0,0,0,0,0,0,0,0,0,0,0,0,0,0,0,0,0,0,0,0,0,0,0,0,0,0,0,0,0,0,0,0,0,0,0,0,0,0,0,0,0,0,0,0,0,0,0,0,0,0,0,0,0.4987558,0.7041748,0.8652329,0.9237531,0.9817715,0,0,0,0,0,10.99287,15.4407,18.66579,19.45156,25.50629,42.31983,59.23642,72.07492,76.20923,75.63602,75.63602,95.07961,116.2786,120.7507,117.0613,156.1605,187.7933,195.8104,192.7896,174.1084,159.3692,134.2917,127.4201,118.2718,108.4675,74.63127,61.69771,61.69771,32.9818,17.06169,17.06169,17.06169,0,0,0,0,0,-17.06169,-17.06169,-17.06169,-17.06169,-17.06169,-32.9818,-61.69771,-61.69771,-61.69771,-74.63127,-108.4675,-118.2718,-118.2718,-118.2718,-127.4201,-151.3535,-181.6879,-192.7896,-192.7896,-170.797,-118.2718,-61.69771,-17.06169,0,0,0
0,0,0,0,0,0,0,0,0,0.5732021,0.2028491,0.06250113,0.01676649,0.00391607,0.0007963451,0.0001409939,0.001294334,0.001089238,0.0006907585,0.0003683548,0.0001703192,6.806551e-05,2.337177e-05,1.349498e-05,7.298421e-06,0,0,0,0,0,0,0,0,0,0,0,0,0,0,0,0,0,0,0,0,0,0,0,0,0,0,0,0,0,0,0,0,0,0,0,0,0,0,0,0,0,0,0,0,0,0,0,0,0,0,0,0,0,0,0,2.278864,2.797489,0,0,0,6.304205,7.685296,8.066087,14.20035,23.20714,32.59932,39.29899,40.5552,38.65454,65.31841,92.34523,111.6024,117.0613,115.651,115.651,125.4553,156.1605,159.0774,151.1744,148.1536,174.1084,176.4309,170.797,151.3535,127.4201,108.4675,74.63127,61.69771,61.69771,32.9818,17.06169,17.06169,17.06169,0,0,0,-17.06169,-17.06169,-17.06169,-17.06169,-17.06169,-32.9818,-61.69771,-61.69771,-61.69771,-61.69771,-74.63127,-108.4675,-118.2718,-118.2718,-127.4201,-151.3535,-153.7353,-153.7353,-153.7353,-159.3692,-174.1084,-209.8513,-227.1955,-212.8721,-176.4309,-127.4201,-74.63127,-32.9818,-17.06169,-17.06169,-17.06169
0,0,0,0,0,0,0,0,0,0,0,0,0,0,0,0.008998487,0.008697548,0.00632429,0.003886583,0.002066637,0.0009507269,0.000376486,0.0001597843,9.954892e-05,5.391231e-05,0,0,0,0,0,0,0,0,0,0,0,0,0,0,0,0,0,0,0,0,0,0,0,0,0,0,0,0,0,0,0,0,0,0,0,0,0,0,0,0,0,0,0,0,0,0,0,0,0,0,0,0,0,0,0,6.411417,7.859385,8.376992,8.258497,10.80046,15.26938,18.66579,19.45156,25.50629,42.31983,59.23642,71.60925,72.90165,68.22549,83.97967,122.3242,146.1438,151.1744,148.1536,148.1536,148.1536,176.8695,174.1084,159.3692,153.7353,134.2917,127.4201,118.2718,108.4675,74.63127,61.69771,32.9818,17.06169,17.06169,17.06169,0,0,0,0,0,0,-17.06169,-61.69771,-61.69771,-61.69771,-61.69771,-74.63127,-108.4675,-118.2718,-118.2718,-118.2718,-127.4201,-151.3535,-170.797,-153.7353,-159.3692,-174.1084,-176.8695,-192.7896,-209.8513,-212.8721,-220.7751,-230.7918,-239.0225,-220.7751,-191.1701,-151.3535,-108.4675,-74.63127,-61.69771,-61.69771,-61.69771
0,0,0,0,0,0,0,0,0,0,0,0,0,0.02421751,0.04662656,0.05250533,0.04367175,0.03100936,0.0190018,0.01005961,0.00459146,0.001792145,0.001022653,0.0006383373,0,0,0,0,0,0,0,0,0,0,0,0,0,0,0,0,0,0,0,0,0,0,0,0,0,0,0,0,0,0,0,0,0,0,0,0,0,0,0,0,0,0,0,0,0,0,0,0,0,0,0.9907354,1.604864,2.253824,3.64904,6.82547,11.11137,15.66903,19.16602,20.36903,20.07603,22.58266,31.92671,39.29899,40.5552,38.65454,65.31841,92.34523,111.6024,112.5199,102.5033,94.6003,135.22,158.1883,159.3692,153.7353,153.7353,153.7353,153.7353,151.3535,127.4201,118.2718,108.4675,74.63127,61.69771,61.69771,32.9818,17.06169,17.06169,0,0,0,0,-17.06169,-17.06169,-17.06169,-17.06169,-17.06169,-32.9818,-74.63127,-118.2718,-118.2718,-118.2718,-127.4201,-151.3535,-170.797,-170.797,-170.797,-159.3692,-174.1084,-192.7896,-176.8695,-179.8903,-203.7134,-213.7301,-216.8612,-233.9229,-235.3331,-239.0225,-243.6987,-243.6987,-230.7918,-209.8513,-181.6879,-151.3535,-127.4201,-118.2718,-118.2718,-118.2718
0,0,0,0,0,0,0,0,0,0,0,0,0.2502748,0.2499234,0.2386861,0.22744,0.1860277,0.1322553,0.08063891,0.04240127,0.01911503,0.007892477,0.005685952,0.003557074,0,0,0,0,0,0,0,0,0,0,0,0,0,0,0,0,0,0,0,0,0,0,0,0,0,0,0,0,0,0,0,0,0,0,0,0,0,0,0,0,0,0,0,0,0,0,0,0,2.809545,3.000338,2.987353,4.510757,6.328774,7.685296,14.40759,23.50013,33.2238,40.50229,42.85051,42.31983,40.5552,57.33576,70.57533,72.90165,68.22549,83.97967,122.3242,146.1438,148.1536,129.4724,114.7332,109.0993,134.2917,127.4201,118.2718,118.2718,118.2718,118.2718,108.4675,74.63127,61.69771,61.69771,32.9818,17.06169,17.06169,17.06169,0,0,0,0,0,0,-17.06169,-61.69771,-61.69771,-61.69771,-61.69771,-74.63127,-108.4675,-151.3535,-170.797,-170.797,-159.3692,-174.1084,-192.7896,-192.7896,-192.7896,-179.8903,-159.0774,-169.0941,-172.2252,-218.2714,-239.0225,-243.6987,-246.433,-246.433,-247.0063,-248.5058,-250.4065,-248.0402,-240.0916,-227.1955,-209.8513,-191.1701,-176.4309,-170.797,-170.797,-170.797
0,0,0,0,0,0,0,0,0,0,0,1.364075,1.374988,0.9183519,0.8897482,0.8402323,0.6887784,0.4889609,0.29655,0.1542829,0.06818726,0.03798579,0,0,0,0,0,0,0,0,0,0,0,0,0,0,0,0,0,0,0,0,0,0,0,0,0,0,0,0,0,0,0,0,0,0,0,0,0,0,0,0,0,0,0,0,0,0,1.506448,2.809545,0,6.449795,7.911002,8.432588,8.376992,10.99287,15.4407,18.66579,26.1789,42.85051,61.00105,73.97558,77.70881,76.20923,72.90165,87.66907,107.913,112.5199,102.5033,94.6003,135.22,158.1883,159.3692,134.2917,110.3584,101.2101,91.40585,74.63127,61.69771,61.69771,61.69771,61.69771,61.69771,32.9818,17.06169,17.06169,17.06169,0,0,0,0,-17.06169,-17.06169,-17.06169,-17.06169,-17.06169,-32.9818,-74.63127,-118.2718,-118.2718,-118.2718,-127.4201,-151.3535,-164.6262,-192.7896,-192.7896,-179.8903,-159.0774,-169.0941,-172.2252,-172.2252,-160.7018,-164.3913,-210.7169,-229.3714,-229.9446,-248.5058,-250.4065,-251.9683,-251.9683,-252.1711,-252.7018,-253.3744,-251.2682,-247.0063,-240.0916,-230.7918,-203.7134,-195.8104,-209.8513,-209.8513,-209.8513
0,0,0,0,0,0,0,0,0,0,4.962027,5.560047,4.09264,2.723269,2.841763,2.694509,2.215445,1.567048,0.9425694,0.482165,0.2062207,0.1585754,0.115036,0,0,0,0,0,0,0,0,0,0,0,0,0,0,0,0,0,0,0,0,0,0,0,0,0,0,0,0,0,0,0,0,0,0,0,0,0,0,0,0,0,0,1.615214,2.278864,2.797489,3.687418,6.877087,11.16696,15.78752,19.35843,20.57627,20.36903,23.20714,32.59932,39.29899,40.5552,66.81799,95.6528,116.2786,120.7507,117.0613,112.5199,112.3076,138.2409,148.1536,129.4724,114.7332,109.0993,134.2917,127.4201,108.4675,74.63127,61.69771,61.69771,32.9818,17.06169,17.06169,17.06169,17.06169,17.06169,17.06169,0,0,0,-17.06169,-17.06169,-17.06169,-17.06169,-32.9818,-61.69771,-61.69771,-61.69771,-61.69771,-74.63127,-108.4675,-151.3535,-170.797,-153.7353,-159.3692,-174.1084,-176.8695,-165.4978,-172.2252,-160.7018,-130.555,-125.4268,-128.1612,-128.1612,-128.7344,-186.8081,-233.3448,-251.9683,-252.1711,-252.7018,-253.3744,-253.9989,-254.0659,-254.1284,-254.2919,-254.2919,-253.2579,-234.2065,-230.9785,-226.637,-206.0407,-202.3513,-216.8612,0,0
0,0,0,0,0,0,0,0,0,12.51018,16.63517,13.67929,9.675749,7.565852,7.858845,7.492885,6.18571,4.342915,2.578283,1.282989,0.6816568,0.5737424,0,0,0,0,0,0,0,0,0,0,0,0,0,0,0,0,0,0,0,0,0,0,0,0,0,0,0,0,0,0,0,0,0,0,0,0,0,0,0,0,0,3.012394,3.000338,4.549135,6.411417,7.859385,8.376992,14.6,23.70737,33.5168,41.12677,43.52313,42.85051,42.31983,59.23642,71.60925,72.90165,87.66907,126.8656,156.1605,159.0774,151.1744,148.1536,129.4724,143.4491,153.7353,134.2917,110.3584,101.2101,91.40585,74.63127,61.69771,32.9818,17.06169,17.06169,17.06169,0,0,0,0,0,0,0,0,0,-17.06169,-61.69771,-61.69771,-61.69771,-74.63127,-108.4675,-118.2718,-118.2718,-118.2718,-127.4201,-134.2917,-164.6262,-192.7896,-176.8695,-151.1744,-159.0774,-156.1605,-131.624,-128.1612,-119.5861,-97.15239,-99.05305,-143.5007,-177.337,-190.4734,-191.0041,-236.3127,-253.9989,-254.1284,-254.2919,-254.4991,-254.6915,-254.7494,-254.7662,-237.7484,-237.6505,-237.2302,-220.5014,-190.4734,-188.7088,-173.8746,0,0,0,0
0,0,0,0,0,0,0,0,24.07157,36.58176,34.13412,27.73074,19.61473,18.24826,18.77894,18.04131,14.97638,10.36721,6.025717,2.860171,2.120766,0,0,0,0,0,0,0,0,0,0,0,0,0,0,0,0,0,0,0,0,0,0,0,0,0,0,0,0,0,0,0,0,0,0,0,0,0,0,0,0,6.46278,7.94938,8.484203,8.432588,11.11137,15.66903,19.16602,20.36903,26.80338,43.52313,61.53173,75.74021,79.60947,77.70881,76.20923,92.34523,111.6024,112.5199,102.5033,138.2409,176.8695,174.1084,159.3692,153.7353,134.2917,110.3584,118.2718,108.4675,74.63127,61.69771,61.69771,32.9818,17.06169,17.06169,0,0,0,0,0,0,0,-17.06169,-17.06169,-17.06169,-17.06169,-17.06169,-32.9818,-74.63127,-118.2718,-118.2718,-127.4201,-151.3535,-170.797,-170.797,-153.7353,-159.3692,-158.1883,-148.1536,-165.4978,-159.2916,-126.8656,-120.7507,-116.2786,-96.68672,-80.47118,-100.8177,-125.2817,-135.1026,-179.3676,-221.0841,-237.0667,-237.2302,-237.4374,-254.6915,-254.7662,-254.81,-254.8656,-254.9173,-254.9415,-254.9454,-237.8939,-193.2004,-193.0517,-179.832,-145.5314,-135.1026,0,0,0,0,0
0,0,0,0,0,0,0,0,63.12584,63.12584,58.9022,47.85244,33.84738,37.15496,38.65454,37.53436,31.19318,21.17651,11.87673,5.738078,5.695557,0,0,0,0,0,0,0,0,0,0,0,0,0,0,0,0,0,0,0,0,0,0,0,0,0,0,0,0,0,0,0,0,0,0,0,6.46278,7.94938,8.512337,8.508421,11.21858,15.84312,19.47693,20.76868,20.57627,23.50013,33.2238,40.50229,42.85051,42.31983,68.71864,97.15239,119.5861,125.4268,120.7507,117.0613,122.3242,146.1438,148.1536,129.4724,114.7332,153.7353,151.3535,127.4201,118.2718,108.4675,74.63127,61.69771,61.69771,32.9818,17.06169,17.06169,17.06169,0,0,0,0,-17.06169,-17.06169,-17.06169,-17.06169,-17.06169,-32.9818,-61.69771,-61.69771,-61.69771,-61.69771,-74.63127,-108.4675,-151.3535,-170.797,-176.4309,-174.1084,-192.7896,-192.7896,-176.8695,-151.1744,-146.1438,-122.3242,-121.8197,-119.0129,-95.6528,-77.70881,-73.97558,-75.74021,-102.1297,-145.6608,-179.6606,-192.8014,-192.9938,-237.6877,-254.7662,-254.81,-254.8656,-254.9173,-254.9454,-254.9556,-254.9686,-254.9807,-237.9264,-237.9272,-222.0071,-180.3373,-136.651,-127.4145,0,0,0,0,0,0,0
0,0,0,0,0,0,0,0,91.57946,91.57946,85.45203,69.42165,59.99474,64.53609,68.22549,67.26776,55.26298,36.58176,19.23753,13.08338,13.17272,0,0,0,0,0,0,0,0,0,0,0,0,0,0,0,0,0,0,0,0,3.019819,0,0,3.019819,3.019819,3.019819,3.019819,3.019819,3.019819,4.581601,6.48226,7.974421,8.535567,8.522582,11.21858,15.84312,19.47693,20.84331,20.82654,23.89978,33.72404,41.41976,44.14761,43.52313,42.85051,61.00105,73.97558,77.70881,76.20923,92.34523,130.555,160.7018,169.0941,159.0774,151.1744,148.1536,158.1883,159.3692,134.2917,110.3584,101.2101,108.4675,74.63127,61.69771,61.69771,32.9818,17.06169,17.06169,17.06169,0,0,0,0,0,0,0,-17.06169,-61.69771,-61.69771,-61.69771,-61.69771,-74.63127,-108.4675,-118.2718,-118.2718,-118.2718,-127.4201,-151.3535,-164.6262,-192.7896,-195.8104,-187.7933,-169.0941,-172.2252,-159.2916,-126.8656,-111.6024,-92.34523,-77.24314,-74.8373,-61.00105,-71.01396,-102.021,-126.5788,-136.1914,-180.1181,-221.8282,-237.8039,-237.8556,-237.8798,-254.9454,-254.9556,-254.9686,-254.9807,-254.9889,-254.991,-254.9936,-254.9961,-237.9362,-193.3003,-180.3658,-146.524,0,0,0,0,0,0,0,0,0
0,0,0,0,44.63602,85.29004,0,0,109.0993,109.0993,101.7996,82.70253,91.57946,94.6003,102.5033,103.3717,82.56942,52.23502,24.07157,25.48182,26.15038,0,0,0,0,0,0,0,0,0,0,0,0,0,0,0,0,0,0,8.508421,8.508421,8.508421,8.508421,8.508421,8.508421,8.508421,8.508421,8.508421,8.508421,8.508421,11.2428,15.91895,19.58414,20.94277,20.88717,23.89978,33.72404,41.41976,44.27709,44.21459,44.14761,62.20435,76.27089,81.3741,79.60947,77.70881,95.6528,116.2786,120.7507,117.0613,112.5199,146.1438,179.8903,192.7896,174.1084,159.3692,153.7353,134.2917,127.4201,108.4675,74.63127,61.69771,61.69771,32.9818,17.06169,17.06169,17.06169,0,0,0,0,0,-17.06169,-17.06169,-17.06169,-17.06169,-17.06169,-32.9818,-74.63127,-118.2718,-118.2718,-118.2718,-127.4201,-151.3535,-170.797,-170.797,-153.7353,-159.3692,-174.1084,-176.8695,-165.4978,-173.6354,-164.3913,-135.2311,-128.1612,-119.0129,-95.6528,-72.07492,-59.23642,-42.31983,-62.31311,-77.69747,-102.9384,-146.0316,-180.0603,-193.1369,-193.2251,-237.8939,-254.9686,-254.9807,-254.9881,-254.9889,-254.991,-254.9936,-254.9961,-254.9979,-237.9367,-237.9372,-237.9376,0,0,0,0,0,0,0,0,0,0,0,0,0
0,0,0,17.06169,61.69771,57.56958,91.40585,101.2101,101.2101,101.2101,94.43832,89.65574,109.0993,114.7332,129.4724,135.22,101.3838,58.49785,39.05427,42.07511,44.34418,0,0,0,0,0,0,0,0,0,0,0,0,0,0,0,0,0,0,20.82654,20.82654,20.82654,20.82654,20.82654,20.82654,20.82654,20.82654,20.82654,20.82654,20.82654,23.95765,33.97431,41.81941,44.64784,44.4406,44.14761,62.20435,76.27089,81.3741,81.17125,81.17125,99.05305,121.0857,128.7344,125.4268,120.7507,126.8656,156.1605,159.0774,151.1744,148.1536,129.4724,159.3692,170.797,151.3535,127.4201,118.2718,108.4675,74.63127,61.69771,32.9818,17.06169,17.06169,17.06169,0,0,0,0,0,0,0,0,-17.06169,-61.69771,-61.69771,-61.69771,-61.69771,-74.63127,-108.4675,-151.3535,-153.7353,-153.7353,-159.3692,-174.1084,-192.7896,-192.7896,-176.8695,-151.1744,-159.0774,-156.1605,-131.624,-128.7344,-121.0857,-99.05305,-81.17125,-75.53736,-61.00105,-42.85051,-43.52313,-72.31105,-103.1098,-127.3293,-136.5382,-180.2344,-221.9355,-237.8939,-237.9176,-237.9293,-254.9936,-254.9961,-254.9979,-254.998,-254.9984,-254.9989,-254.9993,-254.9996,-237.9381,0,0,0,0,0,0,0,0,0,0,0,0,0,0,0
0,0,0,17.06169,17.06169,32.9818,61.69771,61.69771,61.69771,61.69771,57.56958,91.40585,101.2101,110.3584,134.2917,137.8152,96.16576,52.52519,52.52519,58.15908,63.74996,0,0,0,0,0,0,0,0,0,0,0,0,0,0,0,0,0,44.21459,44.21459,44.21459,44.21459,44.21459,44.21459,44.21459,44.21459,44.21459,44.21459,44.21459,44.21459,44.21459,62.89581,77.56799,82.57739,81.90479,81.3741,99.05305,121.0857,128.7344,128.1612,128.1612,135.2311,164.3913,173.6354,169.0941,159.0774,151.1744,176.8695,174.1084,159.3692,153.7353,134.2917,110.3584,118.2718,108.4675,74.63127,61.69771,61.69771,32.9818,17.06169,17.06169,0,0,0,0,0,0,-17.06169,-17.06169,-17.06169,-17.06169,-17.06169,-32.9818,-74.63127,-118.2718,-118.2718,-118.2718,-127.4201,-134.2917,-164.6262,-176.8695,-148.1536,-151.1744,-159.0774,-169.0941,-172.2252,-159.2916,-126.8656,-120.7507,-116.2786,-96.68672,-80.47118,-76.27089,-62.20435,-44.14761,-41.19375,-33.35328,-44.4406,-63.32906,-103.3381,-146.3671,-180.2915,-193.2579,-193.2709,-237.919,-254.9896,-254.9952,-254.998,-254.9989,-254.9993,-254.9996,-254.9997,-254.9998,-254.9998,-254.9999,0,0,0,0,0,0,0,0,0,0,0,0,0,0,0,0,0
0,0,0,0,0,17.06169,17.06169,17.06169,17.06169,17.06169,32.9818,61.69771,61.69771,74.63127,108.4675,101.2101,56.57413,56.57413,56.57413,65.7224,76.72218,62.32948,0,0,0,0,0,0,0,0,0,0,0,0,0,79.60947,81.17125,81.17125,81.17125,81.17125,81.17125,81.17125,81.17125,81.17125,81.17125,81.17125,81.17125,81.17125,81.17125,81.17125,81.17125,100.6148,124.5482,132.1347,130.234,128.7344,135.2311,164.3913,173.6354,172.2252,172.2252,169.0941,187.7933,195.8104,192.7896,174.1084,159.3692,153.7353,151.3535,127.4201,118.2718,108.4675,74.63127,61.69771,61.69771,32.9818,17.06169,17.06169,17.06169,0,0,0,0,-17.06169,-17.06169,-17.06169,-17.06169,-32.9818,-61.69771,-61.69771,-61.69771,-61.69771,-74.63127,-108.4675,-151.3535,-153.7353,-153.7353,-159.3692,-158.1883,-148.1536,-152.5643,-125.4553,-117.0613,-120.7507,-125.4268,-128.1612,-119.0129,-95.6528,-77.70881,-73.97558,-61.00105,-43.63189,-41.41976,-33.72404,0,-33.97431,-44.91488,-73.12219,-103.5122,-127.4971,-180.3244,-221.9975,-237.9293,-237.9319,-237.9344,-254.9979,-254.999,-254.9996,-254.9998,-254.9999,-254.9999,-255,-255,-237.9383,0,0,0,0,0,0,0,0,0,0,0,0,0,0,0,0,0,0
0,0,0,0,0,0,0,0,0,0,17.06169,17.06169,17.06169,32.9818,61.69771,44.63602,44.63602,44.63602,44.63602,57.56958,75.48575,56.57413,0,0,0,0,0,0,0,0,0,0,112.5199,117.0613,120.7507,125.4268,128.1612,128.1612,128.1612,128.1612,128.1612,128.1612,128.1612,128.1612,128.1612,128.1612,128.1612,128.1612,128.1612,128.1612,128.1612,137.9655,171.8018,182.001,177.3248,173.6354,169.0941,187.7933,195.8104,192.7896,192.7896,192.7896,174.1084,176.4309,170.797,151.3535,127.4201,118.2718,108.4675,74.63127,61.69771,61.69771,32.9818,17.06169,17.06169,17.06169,0,0,0,0,0,0,0,-17.06169,-61.69771,-61.69771,-61.69771,-74.63127,-108.4675,-118.2718,-118.2718,-118.2718,-110.3584,-134.2917,-164.6262,-176.8695,-148.1536,-151.1744,-146.1438,-122.3242,-112.6714,-95.07961,-76.20923,-77.70881,-79.60947,-81.17125,-75.53736,-61.00105,0,0,0,0,0,0,0,0,-78.51447,-103.6022,-146.5011,-180.3494,-193.2919,-237.9335,-254.998,-254.9989,-254.9993,-254.9996,-254.9998,-254.9999,-255,-255,-255,-255,0,0,0,0,0,0,0,0,0,0,0,0,0,0,0,0,0,0,0,0
0,0,0,0,0,0,0,0,0,0,0,0,0,17.06169,17.06169,17.06169,17.06169,17.06169,17.06169,32.9818,44.63602,44.63602,57.56958,91.40585,110.3584,134.2917,153.7353,153.7353,153.7353,153.7353,143.4491,129.4724,148.1536,151.1744,159.0774,169.0941,172.2252,172.2252,172.2252,172.2252,172.2252,172.2252,172.2252,172.2252,172.2252,172.2252,172.2252,172.2252,172.2252,172.2252,172.2252,172.2252,200.9411,213.7301,203.7134,195.8104,192.7896,174.1084,176.4309,170.797,170.797,170.797,151.3535,127.4201,118.2718,108.4675,74.63127,61.69771,61.69771,32.9818,17.06169,17.06169,17.06169,0,0,0,0,0,-17.06169,-17.06169,-17.06169,-17.06169,-17.06169,-32.9818,-74.63127,-118.2718,-118.2718,-127.4201,-151.3535,-153.7353,-153.7353,-153.7353,-143.4491,-129.4724,-148.1536,-152.5643,-125.4553,-117.0613,-111.6024,-92.34523,-71.60925,-60.09814,-42.31983,-42.85051,0,0,0,0,0,0,0,0,0,0,0,0,-127.5688,-136.7191,-180.3624,-222.0143,-237.9362,-237.9373,-254.9996,-254.9998,-254.9999,-254.9999,-255,-255,-255,-255,-237.9383,0,0,0,0,0,0,0,0,0,0,0,0,0,0,0,0,0,0,0,0,0
-17.06169,-17.06169,-17.06169,-17.06169,-17.06169,0,0,0,0,0,0,0,0,0,0,0,0,0,0,17.06169,17.06169,17.06169,32.9818,61.69771,74.63127,108.4675,118.2718,118.2718,118.2718,118.2718,110.3584,134.2917,153.7353,159.3692,174.1084,192.7896,192.7896,192.7896,192.7896,192.7896,192.7896,192.7896,192.7896,192.7896,192.7896,192.7896,192.7896,192.7896,192.7896,192.7896,192.7896,192.7896,192.7896,209.8513,191.1701,176.4309,170.797,151.3535,127.4201,118.2718,118.2718,118.2718,108.4675,74.63127,61.69771,61.69771,32.9818,17.06169,17.06169,17.06169,0,0,0,-17.06169,-17.06169,-17.06169,-17.06169,-17.06169,-32.9818,-61.69771,-61.69771,-61.69771,-61.69771,-74.63127,-108.4675,-151.3535,-153.7353,-159.3692,-174.1084,-176.8695,-148.1536,-148.1536,-138.2409,-112.3076,-112.5199,-112.6714,-95.07961,-76.20923,-72.07492,-59.23642,-42.31983,-32.70809,0,0,0,0,0,0,0,0,0,0,0,0,0,0,-180.3668,-193.3007,-193.3012,-237.9376,-254.9996,-254.9998,-254.9999,-255,-255,-255,-255,-255,-255,0,0,0,0,0,0,0,0,0,0,0,0,0,0,0,0,0,0,0,0,0,0,0
-61.69771,-61.69771,-61.69771,-61.69771,-32.9818,-17.06169,-17.06169,-17.06169,-17.06169,-17.06169,0,0,0,0,0,0,0,0,0,0,0,0,17.06169,17.06169,32.9818,61.69771,61.69771,61.69771,61.69771,61.69771,74.63127,108.4675,118.2718,127.4201,151.3535,170.797,170.797,170.797,170.797,170.797,170.797,170.797,170.797,170.797,170.797,170.797,170.797,170.797,170.797,170.797,170.797,170.797,170.797,170.797,151.3535,127.4201,118.2718,108.4675,74.63127,61.69771,61.69771,61.69771,61.69771,32.9818,17.06169,17.06169,17.06169,0,0,0,0,0,0,-17.06169,-61.69771,-61.69771,-61.69771,-61.69771,-74.63127,-108.4675,-118.2718,-118.2718,-118.2718,-127.4201,-134.2917,-164.6262,-176.8695,-151.1744,-159.0774,-156.1605,-125.4553,-115.651,-107.913,-87.66907,-72.90165,-71.60925,-60.09814,-42.31983,-39.82967,0,0,0,0,0,0,0,0,0,0,0,0,0,0,0,0,-180.3684,-222.0179,-237.9381,-237.9381,-237.9382,-254.9999,-255,-255,-255,-255,-255,-255,0,0,0,0,0,0,0,0,0,0,0,0,0,0,0,0,0,0,0,0,0,0,0,0,0
-118.2718,-118.2718,-118.2718,-108.4675,-74.63127,-61.69771,-61.69771,-61.69771,-61.69771,-32.9818,-17.06169,-17.06169,-17.06169,-17.06169,-17.06169,0,0,0,0,0,0,0,0,0,17.06169,17.06169,17.06169,17.06169,17.06169,17.06169,32.9818,61.69771,61.69771,74.63127,108.4675,118.2718,118.2718,118.2718,118.2718,118.2718,118.2718,118.2718,118.2718,118.2718,118.2718,118.2718,118.2718,118.2718,118.2718,118.2718,118.2718,118.2718,118.2718,118.2718,108.4675,74.63127,61.69771,61.69771,32.9818,17.06169,17.06169,17.06169,17.06169,17.06169,0,0,0,0,-17.06169,-17.06169,-17.06169,-17.06169,-17.06169,-32.9818,-74.63127,-118.2718,-118.2718,-118.2718,-127.4201,-151.3535,-170.797,-153.7353,-153.7353,-159.3692,-158.1883,-148.1536,-152.5643,-126.8656,-120.7507,-116.2786,-95.07961,-75.63602,-70.57533,-57.33576,-40.5552,-39.29899,0,0,0,0,0,0,0,0,0,0,0,0,0,0,0,0,0,0,-136.728,-193.3022,-237.9383,-255,-255,-255,-255,-255,-255,-255,-255,0,0,0,0,0,0,0,0,0,0,0,0,0,0,0,0,0,0,0,0,0,0,0,0,0,0,0
-170.797,-170.797,-170.797,-134.2917,-110.3584,-101.2101,-101.2101,-101.2101,-108.4675,-74.63127,-61.69771,-61.69771,-61.69771,-61.69771,-17.06169,0,0,0,0,0,0,0,0,0,0,0,0,0,0,0,17.06169,17.06169,17.06169,32.9818,61.69771,61.69771,61.69771,61.69771,61.69771,61.69771,61.69771,61.69771,61.69771,61.69771,61.69771,61.69771,61.69771,61.69771,61.69771,61.69771,61.69771,61.69771,61.69771,61.69771,61.69771,32.9818,17.06169,17.06169,17.06169,0,0,0,0,-17.06169,-17.06169,-17.06169,-17.06169,-17.06169,-32.9818,-61.69771,-61.69771,-61.69771,-61.69771,-74.63127,-108.4675,-151.3535,-170.797,-170.797,-159.3692,-174.1084,-192.7896,-176.8695,-148.1536,-151.1744,-146.1438,-122.3242,-112.6714,-95.6528,-77.70881,-73.97558,-60.79821,-42.11699,-39.29899,0,0,0,0,0,0,0,0,0,0,0,0,0,0,0,0,0,0,0,0,-180.3687,-193.3023,-193.3023,-237.9383,-255,-255,-255,-255,-255,-255,0,0,0,0,0,0,0,0,0,0,0,0,0,0,0,0,0,0,0,0,0,0,0,0,0,0,0,0,0
-209.8513,-209.8513,-209.8513,-174.1084,-114.7332,-109.0993,-109.0993,-137.8152,-134.2917,-110.3584,-101.2101,-118.2718,-118.2718,-74.63127,-32.9818,-17.06169,-17.06169,-17.06169,-17.06169,-17.06169,0,0,0,0,0,0,0,0,0,0,0,0,0,17.06169,17.06169,17.06169,17.06169,17.06169,17.06169,17.06169,17.06169,17.06169,17.06169,17.06169,17.06169,17.06169,17.06169,17.06169,17.06169,17.06169,17.06169,17.06169,17.06169,17.06169,17.06169,17.06169,0,0,-17.06169,-17.06169,-17.06169,-17.06169,-17.06169,-32.9818,-61.69771,-61.69771,-61.69771,-61.69771,-74.63127,-108.4675,-118.2718,-118.2718,-118.2718,-127.4201,-151.3535,-164.6262,-192.7896,-192.7896,-179.8903,-159.0774,-169.0941,-159.2916,-125.4553,-117.0613,-111.6024,-92.34523,-71.60925,-60.09814,-42.85051,-40.50229,0,0,0,0,0,0,0,0,0,0,0,0,0,0,0,0,0,0,0,0,0,0,0,-222.0182,-237.9383,-237.9383,-237.9383,-255,-255,-255,-255,-255,0,0,0,0,0,0,0,0,0,0,0,0,0,0,0,0,0,0,0,0,0,0,0,0,0,0,0,0,0,0
-233.9229,-233.9229,-230.7918,-203.7134,-151.1744,-91.57946,-101.3838,-135.22,-129.4724,-114.7332,-137.8152,-153.7353,-134.2917,-91.40585,-57.56958,-44.63602,-44.63602,-61.69771,-61.69771,-32.9818,-17.06169,-17.06169,-17.06169,-17.06169,-17.06169,-17.06169,-17.06169,-17.06169,-17.06169,0,0,0,0,0,0,0,0,0,0,0,0,0,0,0,0,0,0,0,0,0,0,0,0,0,-17.06169,-17.06169,-17.06169,-17.06169,-32.9818,-61.69771,-61.69771,-61.69771,-61.69771,-74.63127,-108.4675,-118.2718,-118.2718,-118.2718,-127.4201,-151.3535,-170.797,-170.797,-153.7353,-159.3692,-174.1084,-176.8695,-165.4978,-172.2252,-160.7018,-130.555,-125.4268,-119.0129,-95.07961,-76.20923,-72.07492,-59.23642,-42.31983,0,0,0,0,0,0,0,0,0,0,0,0,0,0,0,0,0,0,0,0,0,0,0,0,0,-193.3023,-237.9383,-255,-255,-255,-255,-255,-255,-255,0,0,0,0,0,0,0,0,0,0,0,0,0,0,0,0,0,0,0,0,0,0,0,0,0,0,0,0,0,0,0
-246.433,-246.433,-243.6987,-221.9608,-173.6354,-115.651,-82.56942,-103.3717,-102.5033,-104.4046,-135.22,-148.1536,-119.9901,-89.65574,-65.7224,-56.57413,-85.29004,-101.2101,-91.40585,-74.63127,-61.69771,-61.69771,-61.69771,-61.69771,-61.69771,-61.69771,-61.69771,-61.69771,-32.9818,-17.06169,-17.06169,-17.06169,-17.06169,-17.06169,-17.06169,-17.06169,-17.06169,-17.06169,-17.06169,-17.06169,-17.06169,-17.06169,-17.06169,-17.06169,-17.06169,-17.06169,-17.06169,-17.06169,-17.06169,-17.06169,-17.06169,-17.06169,-17.06169,-17.06169,-32.9818,-61.69771,-61.69771,-61.69771,-74.63127,-108.4675,-118.2718,-118.2718,-118.2718,-127.4201,-151.3535,-170.797,-170.797,-170.797,-176.4309,-174.1084,-192.7896,-192.7896,-176.8695,-151.1744,-159.0774,-156.1605,-131.624,-128.1612,-119.5861,-97.15239,-79.60947,-75.53736,-60.79821,-42.31983,0,0,0,0,0,0,0,0,0,0,0,0,0,0,0,0,0,0,0,0,0,0,0,0,0,0,0,0,-237.9383,-237.9383,-255,-255,-255,-255,-255,-255,0,0,0,0,0,0,0,0,0,0,0,0,0,0,0,0,0,0,0,0,0,0,0,0,0,0,0,0,0,0,0,0
-251.9683,-251.9683,-250.4065,-231.4442,-185.3085,-128.1612,-75.63602,-67.26776,-68.22549,-83.97967,-106.5028,-108.9237,-91.57946,-72.89824,-58.15908,-62.32948,-96.16576,-109.0993,-118.3717,-110.3584,-101.2101,-101.2101,-118.2718,-118.2718,-118.2718,-118.2718,-118.2718,-108.4675,-74.63127,-61.69771,-61.69771,-61.69771,-61.69771,-61.69771,-61.69771,-61.69771,-61.69771,-61.69771,-61.69771,-61.69771,-61.69771,-61.69771,-61.69771,-61.69771,-61.69771,-61.69771,-61.69771,-61.69771,-61.69771,-61.69771,-61.69771,-61.69771,-61.69771,-61.69771,-74.63127,-108.4675,-118.2718,-118.2718,-127.4201,-151.3535,-170.797,-170.797,-170.797,-176.4309,-191.1701,-209.8513,-209.8513,-192.7896,-195.8104,-187.7933,-169.0941,-172.2252,-159.2916,-126.8656,-120.7507,-116.2786,-96.68672,-80.47118,-75.74021,-61.53173,-43.52313,-41.12677,-33.29078,0,0,0,0,0,0,0,0,0,0,0,0,0,0,0,0,0,0,0,0,0,0,0,0,0,0,0,0,-255,-255,-255,-255,-255,-255,-255,0,-237.9383,-237.9383,0,0,0,0,0,0,0,0,0,0,0,0,0,0,0,0,0,0,0,0,0,0,0,0,0,0,0,0,0,0,0
-254.0659,-253.9989,-253.3744,-235.6401,-190.4734,-133.6964,-81.17125,-40.5552,-38.65454,-55.83618,-70.00214,-69.29452,-59.99474,-49.97807,-42.07511,-58.49785,-82.43118,-101.3838,-116.5388,-114.7332,-109.0993,-137.8152,-153.7353,-153.7353,-153.7353,-153.7353,-153.7353,-134.2917,-127.4201,-118.2718,-118.2718,-118.2718,-118.2718,-118.2718,-118.2718,-118.2718,-118.2718,-118.2718,-118.2718,-118.2718,-118.2718,-118.2718,-118.2718,-118.2718,-118.2718,-118.2718,-118.2718,-118.2718,-118.2718,-118.2718,-118.2718,-118.2718,-118.2718,-118.2718,-127.4201,-151.3535,-170.797,-170.797,-176.4309,-191.1701,-209.8513,-192.7896,-192.7896,-195.8104,-203.7134,-213.7301,-216.8612,-200.9411,-173.6354,-164.3913,-135.2311,-128.1612,-119.0129,-95.6528,-77.70881,-73.97558,-61.00105,-43.63189,-41.25625,-33.5168,-23.70737,0,0,0,0,0,0,0,0,0,0,0,0,0,0,0,0,0,0,0,0,0,0,0,0,0,0,0,0,0,-237.9383,-255,-255,-255,-255,-255,-255,0,0,0,0,-193.3023,0,0,0,0,0,0,0,0,0,0,0,0,0,0,0,0,0,0,0,0,0,0,0,0,0,0,0,0,0,0
-254.7494,-254.6915,-254.4991,-237.2302,-192.4307,-135.7941,-83.20187,-43.52313,-21.91004,-31.39603,-38.39608,-38.18887,-33.84738,-29.17122,-25.48182,-42.75279,-57.49195,-79.43832,-93.35499,-94.6003,-101.3838,-135.22,-148.1536,-148.1536,-148.1536,-148.1536,-148.1536,-158.1883,-159.3692,-153.7353,-153.7353,-170.797,-170.797,-170.797,-170.797,-170.797,-170.797,-170.797,-170.797,-170.797,-170.797,-170.797,-170.797,-170.797,-170.797,-170.797,-170.797,-170.797,-170.797,-170.797,-170.797,-170.797,-170.797,-170.797,-176.4309,-191.1701,-209.8513,-209.8513,-195.8104,-203.7134,-213.7301,-200.9411,-172.2252,-173.6354,-177.3248,-182.001,-184.7353,-171.8018,-138.5387,-121.0857,-99.05305,-81.17125,-75.53736,-61.00105,-42.85051,-40.50229,-33.2238,0,0,0,0,0,0,0,0,0,0,0,0,0,0,0,0,0,0,0,0,0,0,0,0,0,0,0,0,0,0,0,0,-255,-255,-255,-255,-255,-255,-255,0,0,0,0,0,0,-127.5799,0,0,0,0,0,0,0,0,0,0,0,0,0,0,0,0,0,0,0,0,0,0,0,0,0,0,0,0,0
-254.9415,-254.9173,-254.8656,-237.7484,-193.0685,-136.4776,-83.89452,-44.64784,-23.50013,-15.10587,-18.15008,-18.24826,-16.48363,-14.58297,-16.21449,-25.65795,-36.58176,-52.5286,-62.5916,-64.53609,-82.56942,-106.5028,-115.651,-115.651,-115.651,-115.651,-122.3242,-146.1438,-151.1744,-148.1536,-176.8695,-192.7896,-192.7896,-192.7896,-192.7896,-192.7896,-192.7896,-192.7896,-192.7896,-192.7896,-192.7896,-192.7896,-192.7896,-192.7896,-192.7896,-192.7896,-192.7896,-192.7896,-192.7896,-192.7896,-192.7896,-192.7896,-192.7896,-192.7896,-195.8104,-203.7134,-213.7301,-216.8612,-202.3513,-177.3248,-182.001,-171.8018,-137.9655,-128.7344,-130.234,-132.1347,-133.6964,-124.5482,-100.8177,-76.27089,-62.20435,-44.14761,-41.19375,-33.35328,-23.50013,-19.16602,-15.66903,0,0,0,0,0,0,0,0,0,0,0,0,0,0,0,0,0,0,0,0,0,0,0,0,0,0,0,0,0,0,0,-255,-255,-255,-255,-255,-255,-255,0,0,0,0,0,0,0,0,0,0,0,0,0,0,0,0,0,0,0,0,0,0,0,0,0,0,0,0,0,0,0,0,0,0,0,0,0
-254.9881,-254.9807,-254.9686,-237.8939,-193.2477,-146.4739,-103.5638,-63.69556,-44.95875,-27.55389,-15.4407,-10.30023,-6.941373,-6.268759,-8.472454,-12.94576,-21.17651,-29.6314,-35.6337,-37.15496,-55.26298,-70.00214,-75.63602,-75.63602,-75.63602,-75.63602,-92.34523,-111.6024,-117.0613,-125.4553,-159.2916,-172.2252,-172.2252,-172.2252,-172.2252,-172.2252,-172.2252,-172.2252,-172.2252,-172.2252,-172.2252,-172.2252,-172.2252,-172.2252,-172.2252,-172.2252,-172.2252,-172.2252,-172.2252,-172.2252,-172.2252,-172.2252,-172.2252,-172.2252,-173.6354,-177.3248,-182.001,-184.7353,-172.375,-140.0383,-132.1347,-124.5482,-100.6148,-81.3741,-81.90479,-82.57739,-83.20187,-77.63497,-62.95831,-44.4406,-33.72404,-23.89978,-19.4163,-15.74366,-11.11137,0,0,0,0,0,0,0,0,0,0,0,0,0,0,0,0,0,0,0,0,0,0,0,0,0,0,0,0,0,0,0,-255,-255,-255,-255,-255,-255,-255,-255,0,0,0,0,0,0,0,0,0,0,0,0,0,0,0,0,0,0,0,0,0,0,0,0,0,0,0,0,0,0,0,0,0,0,0,0,0,0
-254.9979,-254.9961,-254.9936,-237.9293,-222.0071,-180.3568,-127.5606,-103.6152,-73.26778,-45.0715,-34.05951,-23.89978,-19.16602,-15.26938,-10.42971,-6.025717,-10.30023,-14.3519,-17.3687,-21.37936,-31.19318,-39.09615,-42.11699,-42.11699,-42.11699,-42.11699,-59.23642,-72.07492,-76.20923,-95.07961,-119.0129,-128.1612,-128.1612,-128.1612,-128.1612,-128.1612,-128.1612,-128.1612,-128.1612,-128.1612,-128.1612,-128.1612,-128.1612,-128.1612,-128.1612,-128.1612,-128.1612,-128.1612,-128.1612,-128.1612,-128.1612,-128.1612,-128.1612,-128.1612,-128.7344,-130.234,-132.1347,-133.6964,-124.751,-101.3484,-82.57739,-77.56799,-62.89581,-44.27709,-44.4406,-44.64784,-44.84025,-41.87728,0,0,0,0,0,0,0,0,0,0,0,0,0,0,0,0,0,0,0,0,0,0,0,0,0,0,0,0,0,0,0,0,0,0,0,0,0,-255,-255,-255,-255,-255,-255,-255,-255,-237.9383,0,0,0,0,0,0,0,0,0,0,0,0,0,0,0,0,0,0,0,0,0,0,0,0,0,0,0,0,0,0,0,0,0,0,0,0,0,0
-254.9996,-254.9993,-254.9989,-254.9984,-237.9363,-193.3002,-180.3648,-146.5261,-103.6375,-78.54837,-63.78556,-45.06596,-41.9935,-34.03494,-23.97441,-14.65786,-7.685296,-5.993299,-7.285643,-10.42971,-15.04337,-18.73277,-20.14301,-20.14301,-20.14301,-23.20714,-32.59932,-39.82967,-42.31983,-60.79821,-75.53736,-81.17125,-81.17125,-81.17125,-81.17125,-81.17125,-81.17125,-81.17125,-81.17125,-81.17125,-81.17125,-81.17125,-81.17125,-81.17125,-81.17125,-81.17125,-81.17125,-81.17125,-81.17125,-81.17125,-81.17125,-81.17125,-81.17125,-81.17125,-81.3741,-81.90479,-82.57739,-83.20187,-77.69747,-63.12182,-44.64784,0,0,0,0,0,0,0,0,0,0,0,0,0,0,0,0,0,0,0,0,0,0,0,0,0,0,0,0,0,0,0,0,0,0,0,0,0,0,0,0,0,0,-237.9383,-237.9383,-255,-255,-255,-255,-255,-255,-255,-255,0,0,0,0,0,0,0,0,0,0,0,0,0,0,0,0,0,0,0,0,0,0,0,0,0,0,0,0,0,0,0,0,0,0,0,0,0,0,0
-254.9999,-254.9999,-254.9998,-254.9998,-237.938,-237.9379,-222.0175,-180.3676,-136.7262,-127.5751,-103.6362,-84.18365,-78.5377,-63.78556,-45.09409,-27.74595,-15.89474,-11.16696,-7.80379,-6.260341,-6.243574,-7.743159,-8.316361,-8.316361,-8.316361,-10.99287,-15.47662,-18.95878,-23.33662,-33.29078,-41.19375,-44.21459,-44.21459,-44.21459,-44.21459,-44.21459,-44.21459,-44.21459,-44.21459,-44.21459,-44.21459,-44.21459,-44.21459,-44.21459,-44.21459,-44.21459,-44.21459,-44.21459,-44.21459,-44.21459,-44.21459,-44.21459,-44.21459,-44.21459,-44.27709,-44.4406,-44.64784,-44.84025,-41.89404,0,0,0,0,0,0,0,0,0,0,0,0,0,0,0,0,0,0,0,0,0,0,0,0,0,0,0,0,0,0,0,0,0,0,0,0,0,0,0,0,0,0,-237.9383,-237.9383,-255,-255,-255,-255,-255,-255,-255,-237.9383,-237.9383,-237.9383,0,0,0,0,0,0,0,0,0,0,0,0,0,0,0,0,0,0,0,0,0,0,0,0,0,0,0,0,0,0,0,0,0,0,0,0,0,0,0
-255,-255,-255,-255,-255,-254.9999,-237.9382,-193.3021,-193.3019,-180.3678,-146.5303,-136.7242,-127.5735,-103.6375,-73.30104,-45.1368,-34.20557,-24.17685,-19.62252,-15.92287,-11.2428,-6.901304,-3.673257,-2.973192,-2.973192,-4.510757,-6.3598,-7.80379,-11.0675,-15.72689,-19.4163,-20.82654,-20.82654,-20.82654,-20.82654,-20.82654,-20.82654,-20.82654,-20.82654,-20.82654,-20.82654,-20.82654,-20.82654,-20.82654,-20.82654,-20.82654,-20.82654,-20.82654,-20.82654,-20.82654,-20.82654,-20.82654,-20.82654,-20.82654,-20.84331,-20.88717,-20.94277,-20.99438,-19.61227,0,0,0,0,0,0,0,0,0,0,0,0,0,0,0,0,0,0,0,0,0,0,0,0,0,0,0,0,0,0,0,0,0,0,0,0,0,0,0,0,-237.9383,-255,-255,-255,-255,-255,-255,-255,-255,-255,-255,-237.9383,-193.3023,0,0,0,0,0,0,0,0,0,0,0,0,0,0,0,0,0,0,0,0,0,0,0,0,0,0,0,0,0,0,0,0,0,0,0,0,0,0,0,0
-255,-255,-255,-255,-255,-255,-237.9383,-237.9383,-237.9382,-222.018,-193.3019,-193.3016,-180.3676,-146.5309,-103.6446,-78.56698,-63.826,-45.14232,-42.11884,-34.21379,-24.19633,-14.89655,-7.981845,-3.719884,-2.286289,-1.60625,-2.266809,-2.784504,-4.53889,-6.435634,-7.935219,-8.508421,-8.508421,-8.508421,-8.508421,-8.508421,-8.508421,-8.508421,-8.508421,-8.508421,-8.508421,-8.508421,-8.508421,-8.508421,-8.508421,-8.508421,-8.508421,-8.508421,-8.508421,-8.508421,-8.508421,-8.508421,-8.508421,-8.508421,-8.512337,-8.522582,-8.535567,-8.547624,-7.982642,0,0,0,0,0,0,0,0,0,0,0,0,0,0,0,0,0,0,0,0,0,0,0,0,0,0,0,0,0,0,0,0,0,0,-180.3687,-193.3023,-193.3023,-222.0182,-237.9383,-237.9383,-237.9383,-255,-255,-255,-255,-255,-255,-255,-255,-237.9383,-237.9383,-222.0182,-180.3687,0,0,0,0,0,0,0,0,0,0,0,0,0,0,0,0,0,0,0,0,0,0,0,0,0,0,0,0,0,0,0,0,0,0,0,0,0,0,0,0
-255,-255,-255,-255,-255,-255,-255,-255,-255,-237.9383,-237.9382,-237.9382,-222.018,-180.3685,-136.7279,-127.5795,-103.6459,-84.20184,-78.56749,-63.82796,-45.1466,-27.80237,-14.90635,-7.991641,-6.492055,-4.589573,-2.82249,-2.289169,-1.614471,-2.286289,-2.816969,-3.019819,-3.019819,-3.019819,-3.019819,-3.019819,-3.019819,-3.019819,-3.019819,-3.019819,-3.019819,-3.019819,-3.019819,-3.019819,-3.019819,-3.019819,-3.019819,-3.019819,-3.019819,-3.019819,-3.019819,-3.019819,-3.019819,-3.019819,-3.020615,-3.022698,-3.025339,-3.027791,-2.826764,0,0,0,0,0,0,0,0,0,0,0,0,0,0,0,0,0,0,0,0,0,0,0,0,0,0,0,0,0,0,0,0,-136.7282,-180.3687,-222.0182,-237.9383,-237.9383,-237.9383,-255,-255,-255,-255,-255,-255,-255,-255,-255,-255,-255,-237.9383,-193.3023,-180.3687,-146.5325,0,0,0,0,0,0,0,0,0,0,0,0,0,0,0,0,0,0,0,0,0,0,0,0,0,0,0,0,0,0,0,0,0,0,0,0,0,0,0,0
-237.9383,-255,-255,-255,-255,-255,-255,-255,-255,-255,-255,-255,-237.9383,-193.3023,-193.3022,-180.3687,-146.5323,-136.728,-127.5796,-103.6462,-73.31182,-45.14838,-24.20791,-19.66656,-15.97711,-11.30063,-7.992618,-6.492565,-4.591537,-2.826764,-2.296084,-1.623469,-0.9989908,-0.9320085,-0.9320085,-0.9320085,-0.9320085,-0.9320085,-0.9320085,-0.9320085,-0.9320085,-0.9320085,-0.9320085,-0.9320085,-0.9320085,-0.9320085,-0.9320085,-0.9320085,-0.9320085,-0.9320085,-0.9320085,-0.9320085,-0.9320085,-0.9320085,-0.9321495,-0.9325184,-0.9329859,-0.93342,-0.8712416,0,0,0,0,0,0,0,0,0,0,0,0,0,0,0,0,0,0,0,0,0,0,0,0,0,0,0,0,0,0,-146.5325,-180.3687,-193.3023,-193.3023,-237.9383,-255,-255,-255,-255,-255,-255,-255,-255,-255,-255,-255,-255,-255,-255,-237.9383,-193.3023,-136.7282,0,0,0,0,0,0,0,0,0,0,0,0,0,0,0,0,0,0,0,0,0,0,0,0,0,0,0,0,0,0,0,0,0,0,0,0,0,0,0,0,0
0,0,-255,-255,-255,-255,-255,-255,-255,-255,-255,-255,-237.9383,-237.9383,-237.9383,-222.0182,-193.3023,-193.3023,-180.3687,-146.5324,-103.6465,-63.82988,-45.14866,-42.12782,-34.22484,-24.20813,-19.66671,-15.97724,-11.30102,-7.993423,-6.493838,-4.593178,-2.828547,-2.297866,-1.625252,-1.000773,-0.5364528,-0.3081273,-0.2502634,-0.2502634,-0.2502634,-0.2502634,-0.2502634,-0.2502634,-0.2502634,-0.2502634,-0.2502634,-0.2502634,-0.2502634,-0.2502634,-0.2502634,-0.2502634,-0.2502634,-0.2502634,-0.2502851,-0.250342,-0.2504141,-0.250481,-0.2337643,0,0,0,0,0,0,0,0,0,0,0,0,0,0,0,0,0,0,0,0,0,0,0,0,0,0,0,-103.6466,-146.5325,-180.3687,-193.3023,-222.0182,-237.9383,-237.9383,-237.9383,-255,-255,-255,-255,-255,-255,-255,-255,-255,-255,-255,-237.9383,-237.9383,-237.9383,-222.0182,-180.3687,-127.5799,-78.56908,0,0,0,0,0,0,0,0,0,0,0,0,0,0,0,0,0,0,0,0,0,0,0,0,0,0,0,0,0,0,0,0,0,0,0,0,0,0,0,0
0,0,0,0,-255,-255,-255,-255,-255,-255,-255,-255,-255,-255,-255,-237.9383,-237.9383,-237.9383,-222.0182,-180.3687,-127.5799,-103.6465,-84.20296,-78.56908,-63.82992,-45.14869,-42.12784,-34.22486,-24.20819,-19.66684,-15.97744,-11.30128,-7.993704,-6.494119,-4.59346,-2.828828,-1.625533,-1.001055,-0.9340723,-0.9340723,-0.8715711,-0.7080615,-0.5008195,-0.3084086,-0.2505447,-0.2505447,-0.2337782,-0.1899142,-0.134319,-0.08270263,-0.05848512,-0.05848512,-0.05848512,-0.05848512,-0.05848803,-0.05849567,-0.05850534,-0.05851432,-0.05460493,-0.04436374,0,0,0,0,0,0,0,0,0,0,0,0,0,0,0,0,0,0,0,0,0,0,0,-73.31215,-103.6466,-127.5799,-136.7282,-180.3687,-222.0182,-237.9383,-237.9383,-255,-255,-255,-255,-255,-255,-255,-255,-255,-255,-255,-237.9383,-237.9383,-237.9383,-222.0182,-193.3023,-193.3023,-180.3687,-146.5325,-103.6466,-63.82993,0,0,0,0,0,0,0,0,0,0,0,0,0,0,0,0,0,0,0,0,0,0,0,0,0,0,0,0,0,0,0,0,0,0,0,0,0,0,0,0
0,0,0,0,0,0,-255,-255,-255,-255,-255,-255,-255,-255,-255,-255,-255,-255,-237.9383,-193.3023,-180.3687,-146.5325,-136.7282,-127.5799,-103.6466,-84.20297,-78.56908,-63.82992,-45.1487,-42.12786,-34.2249,-24.20823,-19.66688,-15.97748,-11.30132,-6.959827,-4.593498,-3.031716,-3.031716,-3.031716,-2.828866,-2.298186,-1.625572,-1.001093,-0.9341108,-0.9341108,-0.8716096,-0.7081,-0.500858,-0.3084471,-0.1899527,-0.1343575,-0.08274113,-0.05852362,-0.05852396,-0.05852485,-0.05852599,-0.05852703,-0.05852782,-0.0585283,0,0,0,0,0,0,-0.1343626,-0.1899578,-0.3084522,-0.708105,-1.51681,-2.828871,-4.593503,-6.959833,-11.30133,-15.97748,-19.66689,-24.20823,0,-42.12786,-45.1487,-63.82993,-78.56908,-103.6466,-146.5325,-180.3687,-193.3023,-193.3023,-237.9383,-255,-255,-255,-255,-255,-255,-255,-255,-255,-255,-255,-255,-255,-237.9383,-193.3023,-193.3023,0,-146.5325,-136.7282,-127.5799,-103.6466,-73.31215,-45.1487,-24.20823,0,0,0,0,0,0,0,0,0,0,0,0,0,0,0,0,0,0,0,0,0,0,0,0,0,0,0,0,0,0,0,0,0,0,0,0,0,0,0
0,0,0,0,0,0,0,-255,-255,-255,-255,-255,-255,-255,-255,-255,-255,-255,-237.9383,-237.9383,-222.0182,-193.3023,-193.3023,-180.3687,-146.5325,-136.7282,-127.5799,-103.6466,-84.20297,-78.56908,-63.82993,-45.1487,-42.12786,-34.2249,-24.20823,-15.97748,-11.30132,-8.566949,-8.566949,-8.566949,-7.993747,-6.494162,-4.593503,-3.03172,-3.03172,-3.03172,-2.828871,-2.298191,-1.625576,-1.001098,-0.7081045,-0.5008625,-0.3084517,-0.2505878,-0.2505878,-0.2505879,-0.250588,-0.2505881,-0.2505882,-0.2505882,-0.2505882,-0.2505882,-0.2505883,-0.2505883,-0.2505883,-0.3084522,-0.5008631,-0.708105,-1.001098,-1.742141,-3.731786,-6.959833,-11.30133,-15.97748,-24.20823,-34.2249,-42.12786,-45.1487,-63.82993,-78.56908,-84.20297,-103.6466,-127.5799,-136.7282,-180.3687,-222.0182,-237.9383,-237.9383,-237.9383,-255,-255,-255,-255,-255,-255,-255,-255,-255,0,-237.9383,-237.9383,-237.9383,0,0,0,0,0,0,-78.56908,-63.82993,-45.1487,-27.80448,-14.90845,0,0,0,0,0,0,0,0,0,0,0,0,0,0,0,0,0,0,0,0,0,0,0,0,0,0,0,0,0,0,0,0,0,0,0,0,0,0,0
0,0,0,0,0,0,0,0,0,-237.9383,-255,-255,-255,-255,-255,-255,-255,-255,-255,-255,-237.9383,-237.9383,-237.9383,-222.0182,-193.3023,-193.3023,-180.3687,-146.5325,-136.7282,-127.5799,-103.6466,-84.20297,-78.56908,-63.82993,-45.1487,-34.2249,-24.20823,-21.07713,-21.07713,-21.07713,-19.66689,-15.97748,-11.30133,-8.56695,-8.56695,-8.56695,-7.993748,-6.494163,-4.593503,-2.828871,-2.298191,-1.625577,-1.001098,-0.9341158,-0.9341158,-0.9341158,-0.9341158,-0.9341158,-0.9341158,-0.9341158,-0.9341158,-0.9341158,-0.9341158,-0.9341158,-0.9341158,-1.001098,-1.625577,-2.298191,-2.828871,-4.593503,-7.993748,-14.90845,-24.20823,-34.2249,-45.1487,-63.82993,-78.56908,-84.20297,-103.6466,-127.5799,-136.7282,-146.5325,-180.3687,-193.3023,-193.3023,-237.9383,-255,-255,-255,-255,-255,-255,-255,-255,-255,-255,-237.9383,0,-237.9383,0,0,0,0,0,0,0,0,0,0,-34.2249,-24.20823,-14.90845,-7.993748,0,0,0,0,0,0,0,0,0,0,0,0,0,0,0,0,0,0,0,0,0,0,0,0,0,0,0,0,0,0,0,0,0,0,0,0,0,0,0
0,0,0,0,0,0,0,0,0,0,0,-255,-255,-255,-255,-255,-255,-255,-255,-255,-255,-255,-255,-237.9383,-237.9383,-237.9383,-222.0182,-193.3023,-193.3023,-180.3687,-146.5325,-136.7282,-127.5799,-103.6466,-78.56908,-63.82993,-45.1487,-45.1487,-45.1487,-45.1487,-42.12786,-34.2249,-24.20823,-21.07713,-21.07713,-21.07713,-19.66689,-15.97748,-11.30133,-7.993748,-6.494163,-4.593503,-3.031721,-3.031721,-3.031721,-3.031721,-3.031721,-3.031721,-3.031721,-3.031721,-3.031721,-3.031721,-3.031721,-3.031721,-3.031721,-3.031721,-4.593503,-6.494163,-7.993748,-11.30133,-15.97748,-27.80448,-45.1487,-63.82993,-78.56908,-103.6466,-127.5799,-136.7282,-146.5325,-180.3687,-193.3023,-193.3023,-222.0182,-237.9383,-237.9383,-237.9383,-255,-255,-255,-255,-255,-255,-255,-255,-255,-255,-237.9383,0,0,0,0,0,0,0,0,0,0,0,0,-15.97748,-11.30133,-6.959833,-3.731786,-1.742141,0,0,0,0,0,0,0,0,0,0,0,0,0,0,0,0,0,0,0,0,0,0,0,0,0,0,0,0,0,0,0,0,0,0,0,0,0,0
0,0,0,0,0,0,0,0,0,0,0,0,0,-255,-255,-255,-255,-255,-255,-255,-255,-255,-255,-255,-255,-255,-237.9383,-237.9383,-237.9383,-222.0182,-193.3023,-193.3023,-180.3687,-146.5325,-127.5799,-103.6466,-84.20297,-84.20297,-84.20297,-84.20297,-78.56908,-63.82993,-45.1487,-45.1487,-45.1487,-45.1487,-42.12786,-34.2249,-24.20823,-19.66689,-15.97748,-11.30133,-8.56695,-8.56695,-8.56695,-8.56695,-8.56695,-8.56695,-8.56695,-8.56695,-8.56695,-8.56695,-8.56695,-8.56695,-8.56695,-8.56695,-11.30133,-15.97748,-19.66689,-24.20823,-34.2249,-45.1487,-73.31215,-103.6466,-127.5799,-146.5325,-180.3687,-193.3023,-193.3023,-222.0182,-237.9383,-237.9383,-237.9383,-255,-255,-255,-255,-255,-255,-255,-255,-255,-255,-255,-237.9383,-237.9383,-222.0182,0,0,0,0,0,0,0,0,0,0,0,0,-6.494163,-4.593503,-2.828871,-1.51681,-0.708105,-0.2878144,0,0,0,0,0,0,0,0,0,0,0,0,0,0,0,0,0,0,0,0,0,0,0,0,0,0,0,0,0,0,0,0,0,0,0,0,0
0,0,0,0,0,0,0,0,0,0,0,0,0,0,0,-255,-255,-255,-255,-255,-255,-255,-255,-255,-255,-255,-255,-255,-255,-237.9383,-237.9383,-237.9383,-222.0182,-193.3023,-180.3687,-146.5325,-136.7282,-136.7282,-136.7282,-136.7282,-127.5799,-103.6466,-84.20297,-84.20297,-84.20297,-84.20297,-78.56908,-63.82993,-45.1487,-42.12786,-34.2249,-24.20823,-21.07713,-21.07713,-21.07713,-21.07713,-21.07713,-21.07713,-21.07713,-21.07713,-21.07713,-21.07713,-21.07713,-21.07713,-21.07713,-21.07713,-24.20823,-34.2249,-42.12786,-45.1487,-63.82993,-78.56908,-103.6466,-146.5325,-180.3687,-193.3023,-222.0182,-237.9383,-237.9383,-237.9383,-255,-255,-255,-255,-255,-255,-255,-255,-255,-255,-255,-237.9383,-237.9383,-237.9383,-222.0182,-193.3023,-180.3687,-146.5325,0,0,0,0,0,0,0,0,0,0,0,0,-1.625577,-1.001098,-0.5367776,-0.2505883,-0.1018533,-0.03604447,0,0,0,0,0,0,0,0,0,0,0,0,0,0,0,0,0,0,0,0,0,0,0,0,0,0,0,0,0,0,0,0,0,0,0,0
0,0,0,0,0,0,0,0,0,0,0,0,0,0,0,0,-255,-255,-255,-255,-255,-255,-255,-255,-255,-255,-255,-255,-255,-255,-255,-255,-237.9383,-237.9383,-222.0182,-193.3023,-193.3023,-193.3023,-193.3023,-193.3023,-180.3687,-146.5325,-136.7282,-136.7282,-136.7282,-136.7282,-127.5799,-103.6466,-84.20297,-78.56908,-63.82993,-45.1487,-45.1487,-45.1487,-45.1487,-45.1487,-45.1487,-45.1487,-45.1487,-45.1487,-45.1487,-45.1487,-45.1487,-45.1487,-45.1487,-45.1487,-45.1487,-63.82993,-78.56908,-84.20297,-103.6466,-127.5799,-136.7282,-180.3687,-222.0182,-237.9383,-237.9383,-255,-255,-255,-255,-255,-255,-255,-255,-255,-255,-255,-255,0,0,0,0,0,0,0,0,0,0,0,0,0,0,0,0,0,0,0,0,0,-0.5008631,-0.3084522,-0.1653887,-0.07720966,-0.03138247,-0.01110581,-0.003421852,-0.0009179556,-0.0002144022,-4.359998e-05,-7.719545e-06,0,0,0,0,0,0,0,0,0,0,0,0,0,0,0,0,0,0,0,0,0,0,0,0,0,0,0,0,0,0,0
0,0,0,0,0,0,0,0,0,0,0,0,0,0,0,0,-237.9383,-237.9383,-255,-255,-255,-255,-255,-255,-255,-255,-255,-255,-255,-255,-255,-255,-255,-255,-237.9383,-237.9383,-237.9383,-237.9383,-237.9383,-237.9383,-222.0182,-193.3023,-193.3023,-193.3023,-193.3023,-193.3023,-180.3687,-146.5325,-136.7282,-127.5799,-103.6466,-84.20297,-84.20297,-84.20297,-84.20297,-84.20297,-84.20297,-84.20297,-84.20297,-84.20297,-84.20297,-84.20297,-84.20297,-84.20297,-84.20297,-84.20297,-84.20297,-103.6466,-127.5799,-136.7282,-146.5325,-180.3687,-193.3023,-193.3023,-237.9383,-255,-255,-255,-255,-255,-255,-255,-255,-255,-255,-255,-255,0,0,0,0,0,0,0,0,0,0,0,0,0,0,0,0,0,0,0,0,0,0,0,-0.1343626,-0.08274623,-0.0443676,-0.02071248,-0.008418731,-0.002979269,-0.0009179556,-0.0002462529,-5.751608e-05,-1.169624e-05,-2.070858e-06,-3.192307e-07,-4.284572e-08,0,0,0,0,0,0,0,0,0,0,0,0,0,0,0,0,0,0,0,0,0,0,0,0,0,0,0,0,0
0,0,0,0,0,0,0,0,0,0,0,0,0,0,0,0,0,0,-237.9383,-237.9383,-237.9383,-255,-255,-255,-255,-255,-255,-255,-255,-255,-255,-255,-255,-255,-255,-255,-255,-255,-255,-255,-237.9383,-237.9383,-237.9383,-237.9383,-237.9383,-237.9383,-222.0182,-193.3023,-193.3023,-180.3687,-146.5325,-136.7282,-136.7282,-136.7282,-136.7282,-136.7282,-136.7282,-136.7282,-136.7282,-136.7282,-136.7282,-136.7282,-136.7282,-136.7282,-136.7282,-136.7282,-136.7282,-146.5325,-180.3687,-193.3023,-193.3023,-222.0182,-237.9383,-237.9383,-237.9383,-255,-255,-255,-255,-255,-255,-255,-255,-255,-255,-255,0,0,0,0,0,0,0,0,0,0,0,0,0,0,0,0,0,0,0,0,0,0,0,0,0,-0.01932666,-0.01036272,-0.004837713,-0.001966326,-0.0006958534,-0.0002144022,-5.751608e-05,-1.343374e-05,-2.731844e-06,-4.836804e-07,-7.456146e-08,-1.000723e-08,-1.169401e-09,-2.378058e-10,-4.512354e-11,0,0,0,0,0,0,0,0,0,0,0,0,0,0,0,0,0,0,0,0,0,0,0,0,0,0
0,0,0,0,0,0,0,0,0,0,0,0,0,0,0,0,0,0,0,0,0,-237.9383,-237.9383,-237.9383,-255,-255,-255,-255,-255,-255,-255,-255,-255,-255,-255,-255,-255,-255,-255,-255,-255,-255,-255,-255,-255,-255,-237.9383,-237.9383,-237.9383,-222.0182,-193.3023,-193.3023,-193.3023,-193.3023,-193.3023,-193.3023,-193.3023,-193.3023,-193.3023,-193.3023,-193.3023,-193.3023,-193.3023,-193.3023,-193.3023,-193.3023,-193.3023,-193.3023,-222.0182,-237.9383,-237.9383,-237.9383,-255,-255,-255,-255,-255,-255,-255,-255,-255,-255,-255,-255,-255,0,0,0,0,0,0,0,0,0,0,0,0,0,0,0,0,0,0,0,0,0,0,0,0,0,0,0,0,-0.0009837778,-0.0003998638,-0.000141506,-4.359998e-05,-1.169624e-05,-2.731844e-06,-5.555364e-07,-9.835919e-08,-1.516248e-08,-2.035035e-09,-2.378058e-10,-2.419471e-11,-4.283762e-12,-8.128435e-13,-1.652974e-13,0,0,0,0,0,0,0,0,0,0,0,0,0,0,0,0,0,0,0,0,0,0,0,0
0,0,0,0,0,0,0,0,0,0,0,0,0,0,0,0,0,0,0,0,0,0,0,-222.0182,-237.9383,-237.9383,-237.9383,-255,-255,-255,-255,-255,-255,-255,-255,-255,-255,-255,-255,-255,-255,-255,-255,-255,-255,-255,-255,-255,-255,-237.9383,-237.9383,-237.9383,-237.9383,-237.9383,-237.9383,-237.9383,-237.9383,-237.9383,-237.9383,-237.9383,-237.9383,-237.9383,-237.9383,-237.9383,-237.9383,-237.9383,-237.9383,-237.9383,-237.9383,-255,-255,-255,-255,-255,-255,-255,-255,-255,-255,-255,-255,-255,-237.9383,-237.9383,0,0,0,0,0,0,0,0,0,0,0,0,0,0,0,0,0,0,0,0,0,0,0,0,0,0,0,0,0,0,0,-2.505415e-05,-7.719545e-06,-2.070858e-06,-4.836804e-07,-9.835919e-08,-1.741492e-08,-2.684567e-09,-3.603106e-10,-4.210439e-11,-4.283762e-12,-3.794651e-13,-5.849622e-14,-1.109961e-14,-1.965223e-15,-3.029466e-16,0,0,0,0,0,0,0,0,0,0,0,0,0,0,0,0,0,0,0,0,0,-8.933278e-42
0,0,0,0,0,0,0,0,0,0,0,0,0,0,0,0,0,0,0,0,0,0,0,0,0,0,-222.0182,-237.9383,-237.9383,-255,-255,-255,-255,-255,-255,-255,-255,-255,-255,-255,-255,-255,-255,-255,-255,-255,-255,-255,-255,-255,-255,-255,-255,-255,-255,-255,-255,-255,-255,-255,-255,-255,-255,-255,-255,-255,-255,-255,-255,-255,-255,-255,-255,-255,-255,-255,-255,-255,-255,-255,-237.9383,-237.9383,-222.0182,-193.3023,0,0,0,0,0,0,0,0,0,0,0,0,0,0,0,0,0,0,0,0,0,0,0,0,0,0,0,0,0,0,0,0,0,-3.192307e-07,-7.456146e-08,-1.516248e-08,-2.684567e-09,-4.13837e-10,-5.554314e-11,-6.490527e-12,-6.603608e-13,-5.849622e-14,-4.511518e-15,-6.48935e-16,-1.148966e-16,-1.771161e-17,-2.377173e-18,-2.777881e-19,-3.995678e-20,0,0,0,0,0,0,0,0,0,0,0,0,0,0,0,0,-1.071993e-40,-3.21598e-42,0
0,0,0,0,0,0,0,0,0,0,0,0,0,0,0,0,0,0,0,0,0,0,0,0,0,0,0,0,0,0,0,-237.9383,-255,-255,-255,-255,-255,-255,-255,-255,-255,-255,-255,-255,-255,-255,-255,-255,-255,-255,-255,-255,-255,-255,-255,-255,-255,-255,-255,-255,-255,-255,-255,-255,-255,-255,-255,-255,-255,-255,-255,-255,-255,-255,-255,-255,-255,-237.9383,-237.9383,-237.9383,-222.0182,0,0,0,0,0,0,0,0,0,0,0,0,0,0,0,0,0,0,0,0,0,0,0,0,0,0,0,0,0,0,0,0,0,0,0,0,0,0,0,0,0,0,-8.711261e-13,-8.862999e-14,-7.85101e-15,-6.055111e-16,-4.065998e-17,-5.848516e-18,-9.015745e-19,-1.210039e-19,-1.414004e-20,-1.541799e-21,0,0,0,0,0,0,0,0,0,0,0,0,0,0,-1.594769e-39,-6.146095e-41,-2.143987e-42,0,0
0,0,0,0,0,0,0,0,0,0,0,0,0,0,0,0,0,0,0,0,0,0,0,0,0,0,0,0,0,0,0,0,-237.9383,-237.9383,-237.9383,-237.9383,-237.9383,-237.9383,-255,-255,-255,-255,-255,-255,-255,-255,-255,-255,-255,-255,-255,-255,-255,-255,-255,-255,-255,-255,-255,-255,-255,-255,-255,-255,-255,-255,-255,-255,-255,-255,-255,-255,-255,-255,-255,-255,-255,-237.9383,-193.3023,0,0,0,0,0,0,0,0,0,0,0,0,0,0,0,0,0,0,0,0,0,0,0,0,0,0,0,0,0,0,0,0,0,0,0,0,0,0,0,0,0,0,0,0,0,0,0,-7.075791e-17,-4.751365e-18,-2.777881e-19,-3.995678e-20,-5.362799e-21,-6.266731e-22,-6.375889e-23,-6.952023e-24,0,0,0,0,0,0,0,0,0,0,0,-1.188233e-38,-6.049616e-40,-2.679983e-41,-1.071993e-42,0,0,0
0,0,0,0,0,0,0,0,0,0,0,0,0,0,0,0,0,0,0,0,0,0,0,0,0,0,0,0,0,0,0,0,0,-193.3023,0,0,0,-222.0182,-237.9383,-237.9383,-237.9383,-237.9383,-237.9383,-237.9383,-255,-255,-255,-255,-255,-255,-255,-255,-255,-255,-255,-255,-255,-255,-255,-255,-255,-255,-255,-255,-255,-255,-255,-255,-255,-255,-255,-255,-255,-255,-237.9383,-237.9383,0,0,0,-136.7282,0,0,0,0,0,0,0,0,0,0,0,0,0,0,0,0,0,0,0,0,0,0,0,0,0,0,0,0,0,0,0,0,0,0,0,0,0,0,0,0,0,0,0,0,0,0,0,0,0,-1.541799e-21,-2.069325e-22,-2.418123e-23,-2.460234e-24,-2.179337e-25,-2.376284e-26,0,-2.141638e-28,0,0,0,0,0,0,-1.896399e-37,-5.547208e-39,-1.740202e-40,-8.933278e-42,-3.573311e-43,0,0,0,0
0,0,0,0,0,0,0,0,0,0,0,0,0,0,0,0,0,0,0,0,0,0,0,0,0,0,0,0,0,0,0,0,-136.7282,0,0,0,0,0,0,0,0,0,-193.3023,-222.0182,-237.9383,-237.9383,-255,-255,-255,-255,-255,-255,-255,-255,-255,-255,-255,-255,-255,-255,-255,-255,-255,-255,-255,-255,-255,-255,-255,-255,-255,-237.9383,-237.9383,0,0,0,0,0,0,0,0,0,0,0,0,0,0,0,0,0,0,0,0,0,0,0,0,0,0,0,0,0,0,0,0,0,0,0,0,0,0,0,0,0,0,0,0,0,0,0,0,0,0,0,0,0,0,0,0,0,-6.952023e-24,-8.123921e-25,-8.265366e-26,-7.321671e-27,-6.051726e-28,-6.157185e-29,-5.454108e-30,-4.206495e-31,-2.824698e-32,0,0,-3.72553e-36,-1.437565e-37,-4.829687e-39,-1.411458e-40,-3.573311e-42,0,0,0,0,0,0
0,0,0,0,0,0,0,0,0,0,0,0,0,0,0,0,0,0,0,0,0,0,0,0,0,0,0,0,0,0,0,-78.56908,0,0,0,0,0,0,0,0,0,0,0,0,0,0,0,-237.9383,-237.9383,-237.9383,-237.9383,-237.9383,-237.9383,-237.9383,-237.9383,-237.9383,-237.9383,-237.9383,-237.9383,-237.9383,-237.9383,0,0,0,0,0,0,0,0,0,0,0,-193.3023,0,0,-146.5325,0,0,0,0,0,0,0,0,0,0,0,0,0,0,0,0,0,0,0,0,0,0,0,0,0,0,0,0,0,0,0,0,0,0,0,0,0,0,0,0,0,0,0,0,0,0,0,0,0,0,0,0,0,0,0,0,-2.417675e-27,-2.141638e-28,-1.651744e-29,-1.365238e-30,-1.20939e-31,0,-6.263227e-34,-3.661748e-35,-1.863962e-36,0,-3.187393e-39,-1.071993e-40,-3.21598e-42,0,0,0,0,0,0,0
0,0,0,0,0,0,0,0,0,0,0,0,0,0,0,0,0,0,0,0,0,0,0,0,0,0,0,0,0,0,-34.2249,0,0,0,0,0,0,0,0,0,0,0,0,0,0,0,0,0,-193.3023,-193.3023,-193.3023,0,0,0,0,0,0,0,0,-193.3023,0,0,0,0,0,0,0,0,0,0,0,0,0,-136.7282,0,0,0,0,0,0,0,-15.97748,0,0,0,0,0,0,0,0,0,0,0,0,0,0,0,0,0,0,0,0,0,0,0,0,0,0,0,0,0,0,0,0,0,0,0,0,0,0,0,0,0,0,0,0,0,0,0,0,0,0,0,0,-4.206495e-31,-2.824698e-32,-2.334772e-33,-1.800671e-34,-1.209157e-35,-7.069188e-37,-3.598431e-38,-1.594769e-39,-6.146095e-41,-2.143987e-42,0,0,0,0,0,0,0,0
0,0,0,0,0,0,0,0,0,0,0,0,0,0,0,0,0,0,0,0,0,0,0,0,0,0,0,0,0,0,0,0,0,0,0,0,0,0,0,0,0,0,0,0,0,0,0,0,0,0,-136.7282,0,0,0,0,0,0,0,0,-136.7282,0,0,0,0,0,0,-136.7282,0,0,0,0,0,0,0,0,0,0,0,0,0,0,0,-4.593503,0,0,0,0,0,0,0,0,0,0,0,0,0,0,0,0,0,0,0,0,0,0,0,0,0,0,0,0,0,0,0,0,0,0,0,0,0,0,0,0,0,0,0,0,0,0,0,0,0,0,0,0,0,-3.924348e-35,-3.02664e-36,-2.032399e-37,-1.188233e-38,-6.049616e-40,-2.679983e-41,-1.071993e-42,0,0,0,0,0,0,0,0,0
0,0,0,0,0,0,0,0,0,0,0,0,0,0,0,0,0,0,0,0,0,0,0,0,0,0,0,0,0,0,0,0,0,0,0,0,0,0,0,0,0,0,0,0,0,0,0,0,0,0,-84.20297,0,0,0,0,0,0,0,0,0,0,0,0,0,0,0,0,0,0,0,0,0,0,0,0,0,0,0,0,0,0,0,0,0,0,0,0,0,0,0,0,0,0,0,0,0,0,0,0,0,0,0,0,0,0,0,0,0,0,0,0,0,0,0,0,0,0,0,0,0,0,0,0,0,0,0,0,0,0,0,0,0,0,0,0,0,0,0,-2.974424e-39,-1.740202e-40,-8.933278e-42,-3.573311e-43,0,0,0,0,0,0,0,0,0,0
0,0,0,0,0,0,0,0,0,0,0,0,0,0,0,0,0,0,0,0,0,0,0,0,0,0,0,0,0,0,0,0,0,0,0,0,0,0,0,0,0,0,0,0,0,0,0,0,0,0,-45.1487,0,0,0,0,0,0,0,0,0,0,0,0,0,0,0,0,0,0,0,0,0,0,0,0,0,0,0,0,0,0,0,0,0,0,0,0,0,0,0,0,0,0,0,0,0,0,0,0,0,0,0,0,0,0,0,0,0,0,0,0,0,0,0,0,0,0,0,0,0,0,0,0,0,0,0,0,0,0,0,0,0,0,0,0,0,0,0,0,0,0,0,0,0,0,0,0,0,0,0,0,0
0,0,0,0,0,0,0,0,0,0,0,0,0,0,0,0,0,0,0,0,0,0,0,0,0,0,0,0,0,0,0,0,0,0,0,0,0,0,0,0,0,0,0,0,0,0,0,0,0,-21.07713,-21.07713,0,0,0,0,0,0,0,0,0,0,0,0,0,0,0,0,0,0,0,0,0,0,0,0,0,0,0,0,0,0,0,0,0,0,0,0,0,0,0,0,0,0,0,0,0,0,0,0,0,0,0,0,0,0,0,0,0,0,0,0,0,0,0,0,0,0,0,0,0,0,0,0,0,0,0,0,0,0,0,0,0,0,0,0,0,0,0,0,0,0,0,0,0,0,0,0,0,0,0,0,0
